Plant_ID,Product_Name,URL,Status,Changed_Fields,Error
12,FlameThrower&#8482; Coleus,https://idiggreenacres.com/products/flamethrower-8482-coleus,updated,Green_Acres_Notes; Green_Acres_Page_Last_Crawled; Green_Acres_Tags; Green_Acres_Light_Requirement; Green_Acres_Water_Needs; Green_Acres_USDA_Zone,
18,Nasturtium,https://idiggreenacres.com/products/nasturtium,updated,Green_Acres_Notes; Green_Acres_Page_Last_Crawled; Green_Acres_Tags; Green_Acres_Water_Needs; Green_Acres_USDA_Zone; Green_Acres_Growth_Habit; Green_Acres_Attributes,
30,Sunflower,https://idiggreenacres.com/products/sunflower,updated,Green_Acres_Page_Size_Text; Green_Acres_Landscape_Size_Text; Green_Acres_Notes; Green_Acres_Page_Last_Crawled; Green_Acres_Tags,
31,SunPatiens&#174;,https://idiggreenacres.com/products/sunpatiens,updated,Green_Acres_Notes; Green_Acres_Page_Last_Crawled; Green_Acres_Tags; Green_Acres_Light_Requirement; Green_Acres_Water_Needs; Green_Acres_USDA_Zone; Green_Acres_Growth_Habit,
35,Cucumber 'Armenian',https://idiggreenacres.com/products/armenian-cucumbers,updated,Green_Acres_Notes; Green_Acres_Page_Last_Crawled; Green_Acres_Tags; Green_Acres_Water_Needs; Green_Acres_Attributes,
36,Basil,https://idiggreenacres.com/products/basil-dark-opal,updated,Green_Acres_Notes; Green_Acres_Page_Last_Crawled; Green_Acres_Tags; Green_Acres_Water_Needs; Green_Acres_Attributes,
37,Basil 'Large Leaf Italian',https://idiggreenacres.com/products/basil-large-leaf-italian-1,updated,Green_Acres_Notes; Green_Acres_Page_Last_Crawled; Green_Acres_Tags; Green_Acres_Water_Needs; Green_Acres_Attributes,
38,Basil,https://idiggreenacres.com/products/basil-sweet-genovese,updated,Green_Acres_Notes; Green_Acres_Page_Last_Crawled; Green_Acres_Tags; Green_Acres_Water_Needs; Green_Acres_Attributes,
39,Basil,https://idiggreenacres.com/products/basil-thai,updated,Green_Acres_Notes; Green_Acres_Page_Last_Crawled; Green_Acres_Tags; Green_Acres_Water_Needs; Green_Acres_Attributes,
40,Bitter Melon,https://idiggreenacres.com/products/bitter-melon,updated,Green_Acres_Notes; Green_Acres_Page_Last_Crawled; Green_Acres_Tags; Green_Acres_Water_Needs; Green_Acres_Attributes,
41,Borage,https://idiggreenacres.com/products/borage,updated,Green_Acres_Notes; Green_Acres_Page_Last_Crawled; Green_Acres_Tags; Green_Acres_Water_Needs; Green_Acres_Attributes,
42,Bush Bean 'Blue Lake',https://idiggreenacres.com/products/bush-bean-blue-lake,updated,Green_Acres_Notes; Green_Acres_Page_Last_Crawled; Green_Acres_Tags; Green_Acres_Attributes,
43,Catnip,https://idiggreenacres.com/products/catnip,updated,Green_Acres_Notes; Green_Acres_Page_Last_Crawled; Green_Acres_Tags; Green_Acres_Water_Needs; Green_Acres_Attributes,
44,Celery,https://idiggreenacres.com/products/celery,updated,Green_Acres_Notes; Green_Acres_Page_Last_Crawled; Green_Acres_Tags; Green_Acres_Growth_Habit; Green_Acres_Attributes,
45,Chamomile,https://idiggreenacres.com/products/chamomile,updated,Green_Acres_Notes; Green_Acres_Page_Last_Crawled; Green_Acres_Tags; Green_Acres_Water_Needs; Green_Acres_Attributes,
46,Chives,https://idiggreenacres.com/products/chives,updated,Green_Acres_Notes; Green_Acres_Page_Last_Crawled; Green_Acres_Tags; Green_Acres_Water_Needs; Green_Acres_Attributes,
47,Chives 'Garlic',https://idiggreenacres.com/products/chives-garlic,updated,Green_Acres_Notes; Green_Acres_Page_Last_Crawled; Green_Acres_Tags; Green_Acres_Water_Needs; Green_Acres_Attributes,
48,Chives,https://idiggreenacres.com/products/chives-onion-organic-chives,updated,Green_Acres_Notes; Green_Acres_Page_Last_Crawled; Green_Acres_Tags; Green_Acres_Water_Needs; Green_Acres_Attributes,
49,Cilantro/Coriander,https://idiggreenacres.com/products/cilantro-coriander,updated,Green_Acres_Notes; Green_Acres_Page_Last_Crawled; Green_Acres_Tags; Green_Acres_Water_Needs; Green_Acres_Attributes,
50,Collard Greens,https://idiggreenacres.com/products/collard-greens,updated,Green_Acres_Notes; Green_Acres_Page_Last_Crawled; Green_Acres_Tags; Green_Acres_Attributes,
51,Corn Bicolor,https://idiggreenacres.com/products/corn-bicolor,updated,Green_Acres_Notes; Green_Acres_Page_Last_Crawled; Green_Acres_Tags; Green_Acres_Growth_Habit; Green_Acres_Attributes,
52,Cucamelon,https://idiggreenacres.com/products/cucamelon,updated,Green_Acres_Notes; Green_Acres_Page_Last_Crawled; Green_Acres_Tags; Green_Acres_Water_Needs; Green_Acres_Attributes,
53,Cucumber,https://idiggreenacres.com/products/cucumber-burpless,updated,Green_Acres_Notes; Green_Acres_Page_Last_Crawled; Green_Acres_Tags; Green_Acres_Water_Needs; Green_Acres_Attributes,
54,Cucumber 'English Tender Crisp',https://idiggreenacres.com/products/cucumber-english,updated,Green_Acres_Notes; Green_Acres_Page_Last_Crawled; Green_Acres_Tags; Green_Acres_Water_Needs; Green_Acres_Attributes,
55,Cucumber 'Japanese Long',https://idiggreenacres.com/products/cucumber-japanese-long,updated,Green_Acres_Notes; Green_Acres_Page_Last_Crawled; Green_Acres_Tags; Green_Acres_Water_Needs; Green_Acres_Attributes,
56,Cucumber 'Lemon',https://idiggreenacres.com/products/cucumber-lemon,updated,Green_Acres_Notes; Green_Acres_Page_Last_Crawled; Green_Acres_Tags; Green_Acres_Water_Needs; Green_Acres_Attributes,
57,Cucumber 'Persian',https://idiggreenacres.com/products/cucumber-persian,updated,Green_Acres_Notes; Green_Acres_Page_Last_Crawled; Green_Acres_Tags; Green_Acres_Water_Needs; Green_Acres_Attributes,
58,Cucumber 'Pickling Bush',https://idiggreenacres.com/products/cucumber-pickling-bush,updated,Green_Acres_Notes; Green_Acres_Page_Last_Crawled; Green_Acres_Tags; Green_Acres_Water_Needs; Green_Acres_Attributes,
59,Cucumber 'Saladmore Bush Hybrid',https://idiggreenacres.com/products/cucumber-saladmore-bush-hybrid,updated,Green_Acres_Notes; Green_Acres_Page_Last_Crawled; Green_Acres_Tags; Green_Acres_Water_Needs; Green_Acres_Attributes,
60,Cucumber 'Spartan Valor',https://idiggreenacres.com/products/cucumber-spartan-valor,updated,Green_Acres_Notes; Green_Acres_Page_Last_Crawled; Green_Acres_Tags; Green_Acres_Water_Needs; Green_Acres_Attributes,
61,Dill,https://idiggreenacres.com/products/dill,updated,Green_Acres_Notes; Green_Acres_Page_Last_Crawled; Green_Acres_Tags; Green_Acres_Water_Needs; Green_Acres_Attributes,
62,"Dill, Organic",https://idiggreenacres.com/products/dill-organic,updated,Green_Acres_Notes; Green_Acres_Page_Last_Crawled; Green_Acres_Tags; Green_Acres_Water_Needs; Green_Acres_Attributes,
63,Edamame Beans,https://idiggreenacres.com/products/edamame-beans,updated,Green_Acres_Notes; Green_Acres_Page_Last_Crawled; Green_Acres_Tags; Green_Acres_Water_Needs; Green_Acres_Attributes,
64,Eggplant,https://idiggreenacres.com/products/eggplant-black-beauty,updated,Green_Acres_Notes; Green_Acres_Page_Last_Crawled; Green_Acres_Tags; Green_Acres_Water_Needs; Green_Acres_Attributes,
65,Eggplant 'Cloud Nine',https://idiggreenacres.com/products/eggplant-cloud-nine,updated,Green_Acres_Notes; Green_Acres_Page_Last_Crawled; Green_Acres_Tags; Green_Acres_Water_Needs; Green_Acres_Attributes,
66,Eggplant 'Fairytale',https://idiggreenacres.com/products/eggplant-fairy-tale,updated,Green_Acres_Notes; Green_Acres_Page_Last_Crawled; Green_Acres_Tags; Green_Acres_Water_Needs; Green_Acres_Attributes,
67,Eggplant 'Ichiban',https://idiggreenacres.com/products/eggplant-ichiban,updated,Green_Acres_Notes; Green_Acres_Page_Last_Crawled; Green_Acres_Tags; Green_Acres_Water_Needs; Green_Acres_Attributes,
68,Eggplant 'Japanese Long',https://idiggreenacres.com/products/eggplant-japanese-long,updated,Green_Acres_Notes; Green_Acres_Page_Last_Crawled; Green_Acres_Tags; Green_Acres_Water_Needs; Green_Acres_Attributes,
69,Eggplant 'Millionaire',https://idiggreenacres.com/products/eggplant-millionaire,updated,Green_Acres_Notes; Green_Acres_Page_Last_Crawled; Green_Acres_Tags; Green_Acres_Water_Needs; Green_Acres_Attributes,
70,Fava Bean,https://idiggreenacres.com/products/fava-bean,updated,Green_Acres_Notes; Green_Acres_Page_Last_Crawled; Green_Acres_Tags; Green_Acres_Attributes,
71,Fennel 'Green Leaf',https://idiggreenacres.com/products/fennel-green-leaf,updated,Green_Acres_Notes; Green_Acres_Page_Last_Crawled; Green_Acres_Tags; Green_Acres_Water_Needs; Green_Acres_Attributes,
72,"Italian Parsley, Organic",https://idiggreenacres.com/products/italian-parsley-organic,updated,Green_Acres_Notes; Green_Acres_Page_Last_Crawled; Green_Acres_Tags; Green_Acres_Water_Needs; Green_Acres_Attributes,
73,Kale,https://idiggreenacres.com/products/kale-blue-knight,updated,Green_Acres_Notes; Green_Acres_Page_Last_Crawled; Green_Acres_Tags; Green_Acres_Growth_Habit; Green_Acres_Attributes,
74,Kale,https://idiggreenacres.com/products/kale-dinosaur,updated,Green_Acres_Notes; Green_Acres_Page_Last_Crawled; Green_Acres_Tags; Green_Acres_Growth_Habit; Green_Acres_Attributes,
75,Kale,https://idiggreenacres.com/products/kale-red-russian,updated,Green_Acres_Notes; Green_Acres_Page_Last_Crawled; Green_Acres_Tags; Green_Acres_Growth_Habit; Green_Acres_Attributes,
77,Lemon Balm,https://idiggreenacres.com/products/lemon-balm,updated,Green_Acres_Notes; Green_Acres_Page_Last_Crawled; Green_Acres_Tags; Green_Acres_Water_Needs; Green_Acres_Attributes,
78,Lemongrass,https://idiggreenacres.com/products/lemon-grass,updated,Green_Acres_Notes; Green_Acres_Page_Last_Crawled; Green_Acres_Tags; Green_Acres_Water_Needs; Green_Acres_Attributes,
80,Lemon Verbena,https://idiggreenacres.com/products/lemon-verbena,updated,Green_Acres_Notes; Green_Acres_Page_Last_Crawled; Green_Acres_Tags; Green_Acres_Water_Needs; Green_Acres_Attributes,
81,Marjoram 'Sweet',https://idiggreenacres.com/products/marjoram-sweet,updated,Green_Acres_Notes; Green_Acres_Page_Last_Crawled; Green_Acres_Tags; Green_Acres_Water_Needs; Green_Acres_Attributes,
82,Melon 'Ambrosia Cantaloupe',https://idiggreenacres.com/products/melon-ambrosia-cantaloupe,updated,Green_Acres_Notes; Green_Acres_Page_Last_Crawled; Green_Acres_Tags; Green_Acres_Attributes,
83,Melon 'Ball Hybrid Cantaloupe',https://idiggreenacres.com/products/melon-ball-hybrid-cantaloupe,updated,Green_Acres_Notes; Green_Acres_Page_Last_Crawled; Green_Acres_Tags; Green_Acres_Attributes,
84,Melon 'Crenshaw',https://idiggreenacres.com/products/melon-crenshaw,updated,Green_Acres_Notes; Green_Acres_Page_Last_Crawled; Green_Acres_Tags; Green_Acres_Attributes,
85,Melon 'Gold Star Cantaloupe',https://idiggreenacres.com/products/melon-gold-star-cantaloupe,updated,Green_Acres_Notes; Green_Acres_Page_Last_Crawled; Green_Acres_Tags; Green_Acres_Attributes,
86,Melon 'Hale's Best Cantaloupe',https://idiggreenacres.com/products/melon-hales-best-cantaloupe,updated,Green_Acres_Notes; Green_Acres_Page_Last_Crawled; Green_Acres_Tags; Green_Acres_Attributes,
87,Melon 'Harper's Hybrid Cantaloupe',https://idiggreenacres.com/products/melon-harpers-hybrid-cantaloupe,updated,Green_Acres_Notes; Green_Acres_Page_Last_Crawled; Green_Acres_Tags; Green_Acres_Attributes,
88,Melon 'Honeydew',https://idiggreenacres.com/products/melon-honeydew,updated,Green_Acres_Notes; Green_Acres_Page_Last_Crawled; Green_Acres_Tags; Green_Acres_Attributes,
89,Melon 'Roadside Cantaloupe',https://idiggreenacres.com/products/melon-roadside-cantaloupe,updated,Green_Acres_Notes; Green_Acres_Page_Last_Crawled; Green_Acres_Tags; Green_Acres_Attributes,
90,Mint 'Chocolate',https://idiggreenacres.com/products/mint-chocolate,updated,Green_Acres_Notes; Green_Acres_Page_Last_Crawled; Green_Acres_Tags; Green_Acres_Water_Needs; Green_Acres_Attributes,
91,Mint,https://idiggreenacres.com/products/mint-peppermint,updated,Green_Acres_Notes; Green_Acres_Page_Last_Crawled; Green_Acres_Tags; Green_Acres_Water_Needs; Green_Acres_Attributes,
92,Mint,https://idiggreenacres.com/products/mint-spearmint,updated,Green_Acres_Notes; Green_Acres_Page_Last_Crawled; Green_Acres_Tags; Green_Acres_Water_Needs; Green_Acres_Attributes,
93,Tomato 'Momotaro',https://idiggreenacres.com/products/momotaro,updated,Green_Acres_Notes; Green_Acres_Page_Last_Crawled; Green_Acres_Tags; Green_Acres_Attributes,
94,Okra 'Clemson Spineless',https://idiggreenacres.com/products/okra-clemson-spineless,updated,Green_Acres_Notes; Green_Acres_Page_Last_Crawled; Green_Acres_Tags; Green_Acres_Attributes,
95,Okra,https://idiggreenacres.com/products/okra-red-burgundy,updated,Green_Acres_Notes; Green_Acres_Page_Last_Crawled; Green_Acres_Tags; Green_Acres_Attributes,
96,Onion 'Scallions/Green Onions',https://idiggreenacres.com/products/onion-scallions-green-onions,updated,Green_Acres_Notes; Green_Acres_Page_Last_Crawled; Green_Acres_Tags; Green_Acres_Growth_Habit; Green_Acres_Attributes,
97,Onion 'Shallots',https://idiggreenacres.com/products/onion-shallots,updated,Green_Acres_Notes; Green_Acres_Page_Last_Crawled; Green_Acres_Tags; Green_Acres_Growth_Habit; Green_Acres_Attributes,
98,Onion 'Red',https://idiggreenacres.com/products/onion-stockton-red,updated,Green_Acres_Notes; Green_Acres_Page_Last_Crawled; Green_Acres_Tags; Green_Acres_Water_Needs; Green_Acres_Attributes,
99,Onion 'White',https://idiggreenacres.com/products/onion-white,updated,Green_Acres_Notes; Green_Acres_Page_Last_Crawled; Green_Acres_Tags; Green_Acres_Water_Needs; Green_Acres_Attributes,
100,Onion 'Yellow',https://idiggreenacres.com/products/onion-yellow,error,,HTTP 429
101,Oregano,https://idiggreenacres.com/products/oregano-greek,updated,Green_Acres_Notes; Green_Acres_Page_Last_Crawled; Green_Acres_Tags; Green_Acres_Water_Needs; Green_Acres_Attributes,
102,Oregano 'Hot n' Spicy',https://idiggreenacres.com/products/oregano-hot-n-spicy,error,,HTTP 429
103,Oregano,https://idiggreenacres.com/products/oregano-italian,updated,Green_Acres_Notes; Green_Acres_Page_Last_Crawled; Green_Acres_Tags; Green_Acres_Water_Needs; Green_Acres_Attributes,
104,"Cilantro/Coriander, Organic",https://idiggreenacres.com/products/organic-cilantro-coriander,updated,Green_Acres_Notes; Green_Acres_Page_Last_Crawled; Green_Acres_Tags; Green_Acres_Water_Needs; Green_Acres_Attributes,
105,Melon 'Hearts of Gold Cantaloupe',https://idiggreenacres.com/products/organic-melon-hearts-of-gold,updated,Green_Acres_Notes; Green_Acres_Page_Last_Crawled; Green_Acres_Tags; Green_Acres_Attributes,
106,Mint,https://idiggreenacres.com/products/organic-mint-spearmint,updated,Green_Acres_Notes; Green_Acres_Page_Last_Crawled; Green_Acres_Tags; Green_Acres_Water_Needs; Green_Acres_Attributes,
107,Oregano 'Italian' Organic,https://idiggreenacres.com/products/organic-oregano-italian,updated,Green_Acres_Notes; Green_Acres_Page_Last_Crawled; Green_Acres_Tags; Green_Acres_Water_Needs; Green_Acres_Attributes,
108,Rosemary 'Barbecue',https://idiggreenacres.com/products/organic-rosemary-barbecue,updated,Green_Acres_Notes; Green_Acres_Page_Last_Crawled; Green_Acres_Tags; Green_Acres_Water_Needs; Green_Acres_Attributes,
109,Thyme 'English',https://idiggreenacres.com/products/organic-thyme-english,updated,Green_Acres_Notes; Green_Acres_Page_Last_Crawled; Green_Acres_Tags; Green_Acres_Water_Needs; Green_Acres_Attributes,
111,Parsley 'Curly Leaf',https://idiggreenacres.com/products/parsley-curly-leaf,updated,Green_Acres_Notes; Green_Acres_Page_Last_Crawled; Green_Acres_Tags; Green_Acres_Water_Needs; Green_Acres_Attributes,
112,Parsley,https://idiggreenacres.com/products/parsley-italian,updated,Green_Acres_Notes; Green_Acres_Page_Last_Crawled; Green_Acres_Tags; Green_Acres_Water_Needs; Green_Acres_Attributes,
113,Pepper 'Anaheim',https://idiggreenacres.com/products/pepper-anaheim,updated,Green_Acres_Notes; Green_Acres_Page_Last_Crawled; Green_Acres_Tags; Green_Acres_Attributes,
114,Pepper 'Big Bertha',https://idiggreenacres.com/products/pepper-big-bertha,updated,Green_Acres_Notes; Green_Acres_Page_Last_Crawled; Green_Acres_Tags; Green_Acres_Attributes,
115,Pepper 'Calabrian Chile',https://idiggreenacres.com/products/pepper-calabrian,updated,Green_Acres_Notes; Green_Acres_Page_Last_Crawled; Green_Acres_Tags; Green_Acres_Attributes,
116,Pepper 'Caribbean Red',https://idiggreenacres.com/products/pepper-caribbean-red,updated,Green_Acres_Notes; Green_Acres_Page_Last_Crawled; Green_Acres_Tags; Green_Acres_Attributes,
117,Pepper,https://idiggreenacres.com/products/pepper-carolina-reaper,updated,Green_Acres_Notes; Green_Acres_Page_Last_Crawled; Green_Acres_Tags; Green_Acres_Attributes,
118,Pepper,https://idiggreenacres.com/products/pepper-cayenne,updated,Green_Acres_Notes; Green_Acres_Page_Last_Crawled; Green_Acres_Tags; Green_Acres_Attributes,
119,Pepper 'Chile de Arbol',https://idiggreenacres.com/products/pepper-chile-de-arbol,updated,Green_Acres_Notes; Green_Acres_Page_Last_Crawled; Green_Acres_Tags; Green_Acres_Attributes,
120,Pepper 'Eisley Wax',https://idiggreenacres.com/products/pepper-eisley-wax,updated,Green_Acres_Notes; Green_Acres_Page_Last_Crawled; Green_Acres_Tags; Green_Acres_Attributes,
121,Pepper,https://idiggreenacres.com/products/pepper-fresno,updated,Green_Acres_Notes; Green_Acres_Page_Last_Crawled; Green_Acres_Tags; Green_Acres_Attributes,
122,Pepper 'Garden Salsa',https://idiggreenacres.com/products/pepper-garden-salsa,updated,Green_Acres_Notes; Green_Acres_Page_Last_Crawled; Green_Acres_Tags; Green_Acres_Attributes,
123,Pepper,https://idiggreenacres.com/products/pepper-ghost,updated,Green_Acres_Notes; Green_Acres_Page_Last_Crawled; Green_Acres_Tags; Green_Acres_Attributes,
124,Pepper 'Green Bell',https://idiggreenacres.com/products/pepper-green-bell,updated,Green_Acres_Notes; Green_Acres_Page_Last_Crawled; Green_Acres_Tags; Green_Acres_Attributes,
125,Pepper 'Gypsy',https://idiggreenacres.com/products/pepper-gypsy,updated,Green_Acres_Notes; Green_Acres_Page_Last_Crawled; Green_Acres_Tags; Green_Acres_Attributes,
126,Pepper,https://idiggreenacres.com/products/pepper-habanero,updated,Green_Acres_Notes; Green_Acres_Page_Last_Crawled; Green_Acres_Tags; Green_Acres_Attributes,
127,Pepper,https://idiggreenacres.com/products/pepper-hot-hungarian-wax,updated,Green_Acres_Notes; Green_Acres_Page_Last_Crawled; Green_Acres_Tags; Green_Acres_Attributes,
128,Pepper 'Italian Long',https://idiggreenacres.com/products/pepper-italian-long,updated,Green_Acres_Notes; Green_Acres_Page_Last_Crawled; Green_Acres_Tags; Green_Acres_Attributes,
129,Pepper,https://idiggreenacres.com/products/pepper-jalapeno,updated,Green_Acres_Notes; Green_Acres_Page_Last_Crawled; Green_Acres_Tags; Green_Acres_Attributes,
130,Pepper 'Jimmy Nardello',https://idiggreenacres.com/products/pepper-jimmy-nardello,updated,Green_Acres_Notes; Green_Acres_Page_Last_Crawled; Green_Acres_Tags; Green_Acres_Attributes,
131,Pepper 'Marconi',https://idiggreenacres.com/products/pepper-marconi,updated,Green_Acres_Notes; Green_Acres_Page_Last_Crawled; Green_Acres_Tags; Green_Acres_Attributes,
132,Pepper,https://idiggreenacres.com/products/pepper-orange-bell,updated,Green_Acres_Notes; Green_Acres_Page_Last_Crawled; Green_Acres_Tags; Green_Acres_Attributes,
133,Pepper 'Padron',https://idiggreenacres.com/products/pepper-padron,updated,Green_Acres_Notes; Green_Acres_Page_Last_Crawled; Green_Acres_Tags; Green_Acres_Attributes,
134,Pepper 'Pepperoncini',https://idiggreenacres.com/products/pepper-pepperoncini,updated,Green_Acres_Notes; Green_Acres_Page_Last_Crawled; Green_Acres_Tags; Green_Acres_Attributes,
135,Pepper,https://idiggreenacres.com/products/pepper-poblano,updated,Green_Acres_Notes; Green_Acres_Page_Last_Crawled; Green_Acres_Tags; Green_Acres_Attributes,
136,Pepper 'Purple Bell',https://idiggreenacres.com/products/pepper-purple-bell,updated,Green_Acres_Notes; Green_Acres_Page_Last_Crawled; Green_Acres_Tags; Green_Acres_Attributes,
137,Pepper 'Red Bell',https://idiggreenacres.com/products/pepper-red-bell,updated,Green_Acres_Notes; Green_Acres_Page_Last_Crawled; Green_Acres_Tags; Green_Acres_Attributes,
138,Pepper,https://idiggreenacres.com/products/pepper-scotch-bonnet,updated,Green_Acres_Notes; Green_Acres_Page_Last_Crawled; Green_Acres_Tags; Green_Acres_Attributes,
139,Pepper,https://idiggreenacres.com/products/pepper-serrano,updated,Green_Acres_Notes; Green_Acres_Page_Last_Crawled; Green_Acres_Tags; Green_Acres_Attributes,
140,Pepper,https://idiggreenacres.com/products/pepper-shishito,updated,Green_Acres_Notes; Green_Acres_Page_Last_Crawled; Green_Acres_Tags; Green_Acres_Attributes,
141,Pepper 'Snackabelle Red',https://idiggreenacres.com/products/pepper-snackabelle-red,updated,Green_Acres_Notes; Green_Acres_Page_Last_Crawled; Green_Acres_Tags; Green_Acres_Attributes,
142,Pepper 'Spanish Sweet',https://idiggreenacres.com/products/pepper-spanish-sweet,updated,Green_Acres_Notes; Green_Acres_Page_Last_Crawled; Green_Acres_Tags; Green_Acres_Attributes,
143,Pepper,https://idiggreenacres.com/products/pepper-sweet-banana,updated,Green_Acres_Notes; Green_Acres_Page_Last_Crawled; Green_Acres_Tags; Green_Acres_Attributes,
144,Pepper 'Sweet Cherry',https://idiggreenacres.com/products/pepper-sweet-cherry,updated,Green_Acres_Notes; Green_Acres_Page_Last_Crawled; Green_Acres_Tags; Green_Acres_Attributes,
145,Pepper 'Sweet Italian',https://idiggreenacres.com/products/pepper-sweet-italian,updated,Green_Acres_Notes; Green_Acres_Page_Last_Crawled; Green_Acres_Tags; Green_Acres_Attributes,
146,Pepper 'Thai',https://idiggreenacres.com/products/pepper-thai,updated,Green_Acres_Notes; Green_Acres_Page_Last_Crawled; Green_Acres_Tags; Green_Acres_Attributes,
147,Pepper,https://idiggreenacres.com/products/pepper-tobasco,updated,Green_Acres_Notes; Green_Acres_Page_Last_Crawled; Green_Acres_Tags; Green_Acres_Attributes,
148,Pepper 'Yellow Bell',https://idiggreenacres.com/products/pepper-yellow-bell,updated,Green_Acres_Notes; Green_Acres_Page_Last_Crawled; Green_Acres_Tags; Green_Acres_Attributes,
149,Pole Bean 'Blue Lake',https://idiggreenacres.com/products/pole-bean-blue-lake,updated,Green_Acres_Notes; Green_Acres_Page_Last_Crawled; Green_Acres_Tags; Green_Acres_Attributes,
150,Pole Bean 'Kentucky Wonder',https://idiggreenacres.com/products/pole-bean-kentucky-wonder,updated,Green_Acres_Notes; Green_Acres_Page_Last_Crawled; Green_Acres_Tags; Green_Acres_Growth_Habit; Green_Acres_Attributes,
151,Pole Bean 'Romano',https://idiggreenacres.com/products/pole-bean-romano,updated,Green_Acres_Notes; Green_Acres_Page_Last_Crawled; Green_Acres_Tags; Green_Acres_Growth_Habit; Green_Acres_Attributes,
152,Pumpkin,https://idiggreenacres.com/products/pumpkin-big-max,updated,Green_Acres_Notes; Green_Acres_Page_Last_Crawled; Green_Acres_Tags; Green_Acres_Attributes,
153,Pumpkin 'Jack-O-Lantern',https://idiggreenacres.com/products/pumpkin-jack-o-lantern,updated,Green_Acres_Notes; Green_Acres_Page_Last_Crawled; Green_Acres_Tags; Green_Acres_Attributes,
154,Rosemary Upright,https://idiggreenacres.com/products/rosemary,updated,Green_Acres_Notes; Green_Acres_Page_Last_Crawled; Green_Acres_Tags; Green_Acres_Water_Needs; Green_Acres_Attributes,
155,Rue,https://idiggreenacres.com/products/rue,updated,Green_Acres_Notes; Green_Acres_Page_Last_Crawled; Green_Acres_Tags; Green_Acres_Water_Needs; Green_Acres_Attributes,
156,Sage,https://idiggreenacres.com/products/sage,updated,Green_Acres_Notes; Green_Acres_Page_Last_Crawled; Green_Acres_Tags; Green_Acres_Water_Needs; Green_Acres_Attributes,
157,Sage 'Berggarten',https://idiggreenacres.com/products/sage-berggarten,updated,Green_Acres_Notes; Green_Acres_Page_Last_Crawled; Green_Acres_Tags; Green_Acres_Water_Needs; Green_Acres_Attributes,
158,Sage 'Purple',https://idiggreenacres.com/products/sage-purple,updated,Green_Acres_Notes; Green_Acres_Page_Last_Crawled; Green_Acres_Tags; Green_Acres_Water_Needs; Green_Acres_Attributes,
159,Sage 'Tricolor',https://idiggreenacres.com/products/sage-tricolor,updated,Green_Acres_Notes; Green_Acres_Page_Last_Crawled; Green_Acres_Tags; Green_Acres_Water_Needs; Green_Acres_Attributes,
160,Snap Pea 'Sugar Snap',https://idiggreenacres.com/products/snap-pea-sugar-snap,updated,Green_Acres_Notes; Green_Acres_Page_Last_Crawled; Green_Acres_Tags; Green_Acres_Attributes,
161,Snow Pea 'Oregon Sugar Pod',https://idiggreenacres.com/products/snow-pea-oregon-sugar-pod,updated,Green_Acres_Notes; Green_Acres_Page_Last_Crawled; Green_Acres_Tags; Green_Acres_Attributes,
162,Spinach,https://idiggreenacres.com/products/spinach-bloomsdale,updated,Green_Acres_Notes; Green_Acres_Page_Last_Crawled; Green_Acres_Tags; Green_Acres_Attributes,
175,Stevia,https://idiggreenacres.com/products/stevia,updated,Green_Acres_Notes; Green_Acres_Page_Last_Crawled; Green_Acres_Tags; Green_Acres_Light_Requirement; Green_Acres_Water_Needs; Green_Acres_Growth_Habit; Green_Acres_Attributes,
177,Tarragon,https://idiggreenacres.com/products/tarragon,error,,HTTP 429
178,Thyme,https://idiggreenacres.com/products/thyme,updated,Green_Acres_Notes; Green_Acres_Page_Last_Crawled; Green_Acres_Tags; Green_Acres_Water_Needs; Green_Acres_Attributes,
179,Thyme 'French',https://idiggreenacres.com/products/thyme-french,updated,Green_Acres_Notes; Green_Acres_Page_Last_Crawled; Green_Acres_Tags; Green_Acres_Water_Needs; Green_Acres_Attributes,
180,Tomatillo,https://idiggreenacres.com/products/tomatillo,updated,Green_Acres_Notes; Green_Acres_Page_Last_Crawled; Green_Acres_Tags; Green_Acres_Water_Needs; Green_Acres_Attributes,
181,Tomato 'Ace',https://idiggreenacres.com/products/tomato-ace,updated,Green_Acres_Notes; Green_Acres_Page_Last_Crawled; Green_Acres_Tags; Green_Acres_Attributes,
182,Tomato 'Amish Paste',https://idiggreenacres.com/products/tomato-amish-paste,updated,Green_Acres_Notes; Green_Acres_Page_Last_Crawled; Green_Acres_Tags; Green_Acres_Attributes,
183,Tomato 'Barry's Crazy Cherry',https://idiggreenacres.com/products/tomato-barrys-crazy-cherry,updated,Green_Acres_Notes; Green_Acres_Page_Last_Crawled; Green_Acres_Tags; Green_Acres_Attributes,
184,Tomato 'Beef Master',https://idiggreenacres.com/products/tomato-beef-master,updated,Green_Acres_Notes; Green_Acres_Page_Last_Crawled; Green_Acres_Tags; Green_Acres_Attributes,
185,Tomato 'Beefsteak',https://idiggreenacres.com/products/tomato-beefsteak,updated,Green_Acres_Notes; Green_Acres_Page_Last_Crawled; Green_Acres_Tags; Green_Acres_Attributes,
186,Tomato,https://idiggreenacres.com/products/tomato-better-boy,updated,Green_Acres_Notes; Green_Acres_Page_Last_Crawled; Green_Acres_Tags; Green_Acres_Attributes,
187,Tomato,https://idiggreenacres.com/products/tomato-big-beef,updated,Green_Acres_Notes; Green_Acres_Page_Last_Crawled; Green_Acres_Tags; Green_Acres_Attributes,
188,Tomato 'Black Beauty',https://idiggreenacres.com/products/tomato-black-beauty,updated,Green_Acres_Notes; Green_Acres_Page_Last_Crawled; Green_Acres_Tags; Green_Acres_Attributes,
189,Tomato,https://idiggreenacres.com/products/tomato-black-cherry,updated,Green_Acres_Notes; Green_Acres_Page_Last_Crawled; Green_Acres_Tags; Green_Acres_Attributes,
190,Tomato 'Black Krim',https://idiggreenacres.com/products/tomato-black-krim,updated,Green_Acres_Notes; Green_Acres_Page_Last_Crawled; Green_Acres_Tags; Green_Acres_Attributes,
191,Tomato 'Blue Berries',https://idiggreenacres.com/products/tomato-blue-berries,updated,Green_Acres_Notes; Green_Acres_Page_Last_Crawled; Green_Acres_Tags; Green_Acres_Attributes,
192,Tomato 'Brad's Atomic Grape',https://idiggreenacres.com/products/tomato-brads-atomic-grape,updated,Green_Acres_Notes; Green_Acres_Page_Last_Crawled; Green_Acres_Tags; Green_Acres_Attributes,
193,Tomato 'Brandy Boy',https://idiggreenacres.com/products/tomato-brandy-boy,updated,Green_Acres_Notes; Green_Acres_Page_Last_Crawled; Green_Acres_Tags; Green_Acres_Attributes,
194,Tomato 'Red Brandywine',https://idiggreenacres.com/products/tomato-brandywine,updated,Green_Acres_Notes; Green_Acres_Page_Last_Crawled; Green_Acres_Tags; Green_Acres_Attributes,
195,Tomato 'Bull's Heart',https://idiggreenacres.com/products/tomato-bulls-heart,updated,Green_Acres_Notes; Green_Acres_Page_Last_Crawled; Green_Acres_Tags; Green_Acres_Attributes,
196,Tomato 'Caspian Pink',https://idiggreenacres.com/products/tomato-caspian-pink,updated,Green_Acres_Notes; Green_Acres_Page_Last_Crawled; Green_Acres_Tags; Green_Acres_Attributes,
197,Tomato,https://idiggreenacres.com/products/tomato-celebrity,updated,Green_Acres_Notes; Green_Acres_Page_Last_Crawled; Green_Acres_Tags; Green_Acres_Attributes,
198,Tomato 'Champion',https://idiggreenacres.com/products/tomato-champion,updated,Green_Acres_Notes; Green_Acres_Page_Last_Crawled; Green_Acres_Tags; Green_Acres_Attributes,
199,Tomato,https://idiggreenacres.com/products/tomato-cherokee-purple,updated,Green_Acres_Notes; Green_Acres_Page_Last_Crawled; Green_Acres_Tags; Green_Acres_Attributes,
200,Tomato 'Chocolate Sprinkles',https://idiggreenacres.com/products/tomato-chocolate-sprinkles,updated,Green_Acres_Notes; Green_Acres_Page_Last_Crawled; Green_Acres_Tags; Green_Acres_Attributes,
201,Tomato,https://idiggreenacres.com/products/tomato-early-girl,updated,Green_Acres_Notes; Green_Acres_Page_Last_Crawled; Green_Acres_Tags; Green_Acres_Attributes,
202,Tomato 'Fantastico',https://idiggreenacres.com/products/tomato-fantastico,updated,Green_Acres_Notes; Green_Acres_Page_Last_Crawled; Green_Acres_Tags; Green_Acres_Attributes,
203,Tomato 'Fourth of July',https://idiggreenacres.com/products/tomato-fourth-of-july,updated,Green_Acres_Notes; Green_Acres_Page_Last_Crawled; Green_Acres_Tags; Green_Acres_Attributes,
204,Tomato 'German Johnson',https://idiggreenacres.com/products/tomato-german-johnson,updated,Green_Acres_Notes; Green_Acres_Page_Last_Crawled; Green_Acres_Tags; Green_Acres_Attributes,
205,Tomato 'Goliath',https://idiggreenacres.com/products/tomato-goliath,updated,Green_Acres_Notes; Green_Acres_Page_Last_Crawled; Green_Acres_Tags; Green_Acres_Attributes,
206,Tomato 'Green Zebra',https://idiggreenacres.com/products/tomato-green-zebra,updated,Green_Acres_Notes; Green_Acres_Page_Last_Crawled; Green_Acres_Tags; Green_Acres_Attributes,
207,Tomato 'Hillbilly',https://idiggreenacres.com/products/tomato-hillbilly,updated,Green_Acres_Notes; Green_Acres_Page_Last_Crawled; Green_Acres_Tags; Green_Acres_Attributes,
208,Tomato,https://idiggreenacres.com/products/tomato-husky-cherry-red,updated,Green_Acres_Notes; Green_Acres_Page_Last_Crawled; Green_Acres_Tags; Green_Acres_Attributes,
209,Tomato 'Isis Candy',https://idiggreenacres.com/products/tomato-isis-candy,updated,Green_Acres_Notes; Green_Acres_Page_Last_Crawled; Green_Acres_Tags; Green_Acres_Attributes,
210,Tomato 'Jelly Bean',https://idiggreenacres.com/products/tomato-jelly-bean,updated,Green_Acres_Notes; Green_Acres_Page_Last_Crawled; Green_Acres_Tags; Green_Acres_Attributes,
211,Tomato 'Jetsetter',https://idiggreenacres.com/products/tomato-jetsetter,updated,Green_Acres_Notes; Green_Acres_Page_Last_Crawled; Green_Acres_Tags; Green_Acres_Attributes,
212,Tomato 'Juliet',https://idiggreenacres.com/products/tomato-juliet,updated,Green_Acres_Notes; Green_Acres_Page_Last_Crawled; Green_Acres_Tags; Green_Acres_Attributes,
213,Tomato 'Kellogg's Breakfast',https://idiggreenacres.com/products/tomato-kelloggs-breakfast,updated,Green_Acres_Notes; Green_Acres_Page_Last_Crawled; Green_Acres_Tags; Green_Acres_Attributes,
214,Tomato,https://idiggreenacres.com/products/tomato-lemon-boy,updated,Green_Acres_Notes; Green_Acres_Page_Last_Crawled; Green_Acres_Tags; Green_Acres_Attributes,
215,Tomato 'Mortgage Lifter',https://idiggreenacres.com/products/tomato-mortgage-lifter,updated,Green_Acres_Notes; Green_Acres_Page_Last_Crawled; Green_Acres_Tags; Green_Acres_Attributes,
216,Tomato 'Mr. Stripey',https://idiggreenacres.com/products/tomato-mr-stripey,updated,Green_Acres_Notes; Green_Acres_Page_Last_Crawled; Green_Acres_Tags; Green_Acres_Attributes,
217,Tomato 'Napa Chardonnay',https://idiggreenacres.com/products/tomato-napa-chardonnay,updated,Green_Acres_Notes; Green_Acres_Page_Last_Crawled; Green_Acres_Tags; Green_Acres_Attributes,
218,Tomato 'Napa Ros??',https://idiggreenacres.com/products/tomato-napa-rose,updated,Green_Acres_Notes; Green_Acres_Page_Last_Crawled; Green_Acres_Tags; Green_Acres_Attributes,
219,Tomato 'Patio',https://idiggreenacres.com/products/tomato-patio,updated,Green_Acres_Notes; Green_Acres_Page_Last_Crawled; Green_Acres_Tags; Green_Acres_Attributes,
220,Tomato 'Pineapple',https://idiggreenacres.com/products/tomato-pineapple,updated,Green_Acres_Notes; Green_Acres_Page_Last_Crawled; Green_Acres_Tags; Green_Acres_Attributes,
221,Tomato 'Pineapple Pig',https://idiggreenacres.com/products/tomato-pineapple-pig,updated,Green_Acres_Notes; Green_Acres_Page_Last_Crawled; Green_Acres_Tags; Green_Acres_Attributes,
222,Tomato 'Pink Berkeley Tie-Dye',https://idiggreenacres.com/products/tomato-pink-berkeley-tie-dye,updated,Green_Acres_Notes; Green_Acres_Page_Last_Crawled; Green_Acres_Tags; Green_Acres_Attributes,
223,Tomato 'Pork Chop',https://idiggreenacres.com/products/tomato-pork-chop,updated,Green_Acres_Notes; Green_Acres_Page_Last_Crawled; Green_Acres_Tags; Green_Acres_Attributes,
224,Tomato 'Pruden's Purple',https://idiggreenacres.com/products/tomato-prudens-purple,updated,Green_Acres_Notes; Green_Acres_Page_Last_Crawled; Green_Acres_Tags; Green_Acres_Attributes,
225,Tomato,https://idiggreenacres.com/products/tomato-red-cherry,updated,Green_Acres_Notes; Green_Acres_Page_Last_Crawled; Green_Acres_Tags; Green_Acres_Attributes,
226,Tomato,https://idiggreenacres.com/products/tomato-red-pear,updated,Green_Acres_Notes; Green_Acres_Page_Last_Crawled; Green_Acres_Tags; Green_Acres_Attributes,
227,Tomato 'Roma',https://idiggreenacres.com/products/tomato-roma,updated,Green_Acres_Notes; Green_Acres_Page_Last_Crawled; Green_Acres_Tags; Green_Acres_Attributes,
228,Tomato 'San Marzano',https://idiggreenacres.com/products/tomato-san-marzano,updated,Green_Acres_Notes; Green_Acres_Page_Last_Crawled; Green_Acres_Tags; Green_Acres_Attributes,
229,Tomato 'Shady Lady',https://idiggreenacres.com/products/tomato-shady-lady,updated,Green_Acres_Notes; Green_Acres_Page_Last_Crawled; Green_Acres_Tags; Green_Acres_Attributes,
230,Tomato 'Stupice',https://idiggreenacres.com/products/tomato-stupice,updated,Green_Acres_Notes; Green_Acres_Page_Last_Crawled; Green_Acres_Tags; Green_Acres_Attributes,
231,Tomato,https://idiggreenacres.com/products/tomato-sun-gold,updated,Green_Acres_Notes; Green_Acres_Page_Last_Crawled; Green_Acres_Tags; Green_Acres_Attributes,
232,Tomato,https://idiggreenacres.com/products/tomato-sunsugar,updated,Green_Acres_Notes; Green_Acres_Page_Last_Crawled; Green_Acres_Tags; Green_Acres_Attributes,
233,Tomato,https://idiggreenacres.com/products/tomato-super-fantastic,updated,Green_Acres_Notes; Green_Acres_Page_Last_Crawled; Green_Acres_Tags; Green_Acres_Attributes,
234,Tomato 'Sweet 100',https://idiggreenacres.com/products/tomato-sweet-100,updated,Green_Acres_Notes; Green_Acres_Page_Last_Crawled; Green_Acres_Tags; Green_Acres_Attributes,
235,Tomato 'Whopper',https://idiggreenacres.com/products/tomato-whopper,updated,Green_Acres_Notes; Green_Acres_Page_Last_Crawled; Green_Acres_Tags; Green_Acres_Attributes,
236,Tomato,https://idiggreenacres.com/products/tomato-yellow-pear,updated,Green_Acres_Notes; Green_Acres_Page_Last_Crawled; Green_Acres_Tags; Green_Acres_Attributes,
238,Onion 'Walla Walla',https://idiggreenacres.com/products/walla-walla-onion,updated,Green_Acres_Notes; Green_Acres_Page_Last_Crawled; Green_Acres_Tags; Green_Acres_Water_Needs; Green_Acres_Attributes,
239,Watermelon 'Crimson Sugar Baby',https://idiggreenacres.com/products/watermelon-crimson-sugar-baby,updated,Green_Acres_Notes; Green_Acres_Page_Last_Crawled; Green_Acres_Tags; Green_Acres_Attributes,
240,Watermelon,https://idiggreenacres.com/products/watermelon-klondike,updated,Green_Acres_Notes; Green_Acres_Page_Last_Crawled; Green_Acres_Tags; Green_Acres_Attributes,
241,Watermelon 'Sugar Baby',https://idiggreenacres.com/products/watermelon-sugar-baby,updated,Green_Acres_Notes; Green_Acres_Page_Last_Crawled; Green_Acres_Tags; Green_Acres_Attributes,
242,Winter Savory,https://idiggreenacres.com/products/winter-savory,error,,HTTP 429
243,Yellow Corn,https://idiggreenacres.com/products/yellow-corn,error,,HTTP 429
244,Yellow Onion,https://idiggreenacres.com/products/yellow-onion-sweet-spanish,updated,Green_Acres_Notes; Green_Acres_Page_Last_Crawled; Green_Acres_Tags; Green_Acres_Water_Needs; Green_Acres_Attributes,
250,Ajuga 'Burgundy Glow',https://idiggreenacres.com/products/ajuga,updated,Green_Acres_Notes; Green_Acres_Page_Last_Crawled; Green_Acres_Tags; Green_Acres_Light_Requirement; Green_Acres_Growth_Habit,
252,Aloe 'Bright Star',https://idiggreenacres.com/products/aloe-bright-star,updated,Green_Acres_Notes; Green_Acres_Page_Last_Crawled; Green_Acres_Tags; Green_Acres_Light_Requirement; Green_Acres_Growth_Rate,
261,Artemisia 'Powis Castle',https://idiggreenacres.com/products/artemisia-powis-castle,updated,Green_Acres_Notes; Green_Acres_Page_Last_Crawled; Green_Acres_Tags; Green_Acres_Growth_Habit,
262,Artemisia 'Silver Mound',https://idiggreenacres.com/products/artemisia-silver-mound,updated,Green_Acres_Notes; Green_Acres_Page_Last_Crawled; Green_Acres_Tags; Green_Acres_Attributes,
314,Cranesbill 'Bishops Form',https://idiggreenacres.com/products/cranesbill-bishops-form,updated,Green_Acres_Notes; Green_Acres_Page_Last_Crawled; Green_Acres_Tags; Green_Acres_Light_Requirement; Green_Acres_Water_Needs; Green_Acres_Growth_Habit,
315,Cranesbill 'Rozanne',https://idiggreenacres.com/products/cranesbill-rozanne,updated,Green_Acres_Notes; Green_Acres_Page_Last_Crawled; Green_Acres_Tags; Green_Acres_Light_Requirement; Green_Acres_Water_Needs; Green_Acres_Growth_Habit,
324,Creeping Wire Vine,https://idiggreenacres.com/products/creeping-wire-vine,updated,Green_Acres_Notes; Green_Acres_Page_Last_Crawled; Green_Acres_Tags; Green_Acres_Light_Requirement; Green_Acres_Growth_Habit; Green_Acres_Growth_Rate,
332,Color Bowl,https://idiggreenacres.com/products/day-of-the-dead-color-bowl,updated,Green_Acres_Notes; Green_Acres_Page_Last_Crawled; Green_Acres_Tags; Green_Acres_Light_Requirement; Green_Acres_Growth_Rate,
342,Dwarf Mondo Grass,https://idiggreenacres.com/products/dwarf-mondo-grass,updated,Green_Acres_Notes; Green_Acres_Page_Last_Crawled; Green_Acres_Tags; Green_Acres_Light_Requirement; Green_Acres_Growth_Habit,
360,Elephant Bush,https://idiggreenacres.com/products/elephant-bush,updated,Green_Acres_Notes; Green_Acres_Page_Last_Crawled; Green_Acres_Tags; Green_Acres_Light_Requirement; Green_Acres_Growth_Rate,
373,Fiber Optic Grass,https://idiggreenacres.com/products/fiber-optic-grass,updated,Green_Acres_Notes; Green_Acres_Page_Last_Crawled; Green_Acres_Tags; Green_Acres_Light_Requirement; Green_Acres_Growth_Habit,
387,Gazania,https://idiggreenacres.com/products/gazania,updated,Green_Acres_Notes; Green_Acres_Page_Last_Crawled; Green_Acres_Tags; Green_Acres_Growth_Habit,
392,Golden Moneywort,https://idiggreenacres.com/products/golden-moneywort,updated,Green_Acres_Notes; Green_Acres_Page_Last_Crawled; Green_Acres_Tags; Green_Acres_Light_Requirement; Green_Acres_Growth_Habit,
395,Green Carpet,https://idiggreenacres.com/products/green-carpet,updated,Green_Acres_Notes; Green_Acres_Page_Last_Crawled; Green_Acres_Tags; Green_Acres_Light_Requirement; Green_Acres_Growth_Habit,
396,Green Moneywort,https://idiggreenacres.com/products/green-moneywort,updated,Green_Acres_Notes; Green_Acres_Page_Last_Crawled; Green_Acres_Tags; Green_Acres_Light_Requirement,
398,Ground Ivy,https://idiggreenacres.com/products/ground-ivy,updated,Green_Acres_Page_Size_Text; Green_Acres_Landscape_Size_Text; Green_Acres_Notes; Green_Acres_Page_Last_Crawled; Green_Acres_Tags; Green_Acres_Light_Requirement,
399,Northern Lights Tufted Hair Grass,https://idiggreenacres.com/products/hair-grass-northern-lights,updated,Green_Acres_Notes; Green_Acres_Page_Last_Crawled; Green_Acres_Tags; Green_Acres_Light_Requirement; Green_Acres_Growth_Habit,
400,Hanging Basket 12,https://idiggreenacres.com/products/hanging-basket,updated,Green_Acres_Notes; Green_Acres_Page_Last_Crawled; Green_Acres_Tags; Green_Acres_Light_Requirement; Green_Acres_USDA_Zone; Green_Acres_Growth_Habit; Green_Acres_Growth_Rate,
404,Hens & Chicks,https://idiggreenacres.com/products/hens-chicks,updated,Green_Acres_Notes; Green_Acres_Page_Last_Crawled; Green_Acres_Tags; Green_Acres_Light_Requirement; Green_Acres_Water_Needs; Green_Acres_Growth_Habit,
412,Kalanchoe 'Chocolate Soldier',https://idiggreenacres.com/products/kalanchoe-chocolate-soldier,updated,Green_Acres_Notes; Green_Acres_Page_Last_Crawled; Green_Acres_Tags; Green_Acres_Growth_Habit,
413,Kalanchoe millotii,https://idiggreenacres.com/products/kalanchoe-millotii,updated,Green_Acres_Notes; Green_Acres_Page_Last_Crawled; Green_Acres_Tags,
417,Lamb's Ear,https://idiggreenacres.com/products/lambs-ear-1,updated,Green_Acres_Page_Size_Text; Green_Acres_Landscape_Size_Text; Green_Acres_Notes; Green_Acres_Page_Last_Crawled; Green_Acres_Tags; Green_Acres_Light_Requirement,
418,Lamb's Ear 'Helene Von Stein',https://idiggreenacres.com/products/lambs-ear-helene-von-stein,updated,Green_Acres_Page_Size_Text; Green_Acres_Landscape_Size_Text; Green_Acres_Notes; Green_Acres_Page_Last_Crawled; Green_Acres_Tags; Green_Acres_Light_Requirement,
440,Lemon Coral&#174; Sedum,https://idiggreenacres.com/products/lemon-coral-174-sedum,updated,Green_Acres_Notes; Green_Acres_Page_Last_Crawled; Green_Acres_Tags; Green_Acres_Light_Requirement; Green_Acres_Growth_Habit; Green_Acres_Growth_Rate,
446,Lysimachia Waikiki Sunset&#8482;,https://idiggreenacres.com/products/lysimachia-waikiki-sunset,updated,Green_Acres_Notes; Green_Acres_Page_Last_Crawled; Green_Acres_Tags; Green_Acres_Light_Requirement; Green_Acres_Water_Needs; Green_Acres_Growth_Habit,
454,Mondo Grass,https://idiggreenacres.com/products/mondo-grass,updated,Green_Acres_Notes; Green_Acres_Page_Last_Crawled; Green_Acres_Tags; Green_Acres_Light_Requirement; Green_Acres_Growth_Habit,
455,Moneywort,https://idiggreenacres.com/products/moneywort-goldie,updated,Green_Acres_Notes; Green_Acres_Page_Last_Crawled; Green_Acres_Tags; Green_Acres_Light_Requirement; Green_Acres_Water_Needs; Green_Acres_Growth_Habit,
464,Periwinkle,https://idiggreenacres.com/products/periwinkle-blue,updated,Green_Acres_Notes; Green_Acres_Page_Last_Crawled; Green_Acres_Tags,
465,Periwinkle 'Bowles Mauve',https://idiggreenacres.com/products/periwinkle-bowles-mauve,updated,Green_Acres_Notes; Green_Acres_Page_Last_Crawled; Green_Acres_Tags,
466,Periwinkle 'Sterling Silver',https://idiggreenacres.com/products/periwinkle-sterling-silver,updated,Green_Acres_Notes; Green_Acres_Page_Last_Crawled; Green_Acres_Tags,
529,St. John's Wort,https://idiggreenacres.com/products/st-johns-wort,updated,Green_Acres_Page_Size_Text; Green_Acres_Landscape_Size_Text; Green_Acres_Notes; Green_Acres_Page_Last_Crawled; Green_Acres_Tags; Green_Acres_Light_Requirement; Green_Acres_Growth_Habit,
530,Stonecrop,https://idiggreenacres.com/products/stonecrop-angelina,updated,Green_Acres_Notes; Green_Acres_Page_Last_Crawled; Green_Acres_Tags; Green_Acres_Light_Requirement; Green_Acres_Growth_Habit; Green_Acres_Growth_Rate,
531,Stonecrop,https://idiggreenacres.com/products/stonecrop-aurora,updated,Green_Acres_Notes; Green_Acres_Page_Last_Crawled; Green_Acres_Tags; Green_Acres_Light_Requirement,
558,Sweet Caroline Sweetheart Shadowstorm&#174;,https://idiggreenacres.com/products/sweet-caroline-sweetheart-shadowstorm-174,updated,Green_Acres_Notes; Green_Acres_Page_Last_Crawled; Green_Acres_Tags; Green_Acres_Light_Requirement; Green_Acres_USDA_Zone,
559,Sweet Potato Vine,https://idiggreenacres.com/products/sweet-potato-vine,updated,Green_Acres_Notes; Green_Acres_Page_Last_Crawled; Green_Acres_Tags; Green_Acres_Light_Requirement; Green_Acres_USDA_Zone,
560,Sweet Woodruff,https://idiggreenacres.com/products/sweet-woodruff,updated,Green_Acres_Notes; Green_Acres_Page_Last_Crawled; Green_Acres_Tags; Green_Acres_Light_Requirement; Green_Acres_Growth_Habit; Green_Acres_Growth_Rate,
561,Tall Verbena ??Meteor Shower??,https://idiggreenacres.com/products/tall-verbena-meteor-shower,updated,Green_Acres_Notes; Green_Acres_Page_Last_Crawled; Green_Acres_Tags; Green_Acres_Water_Needs; Green_Acres_Growth_Habit,
566,Variegated Ground Ivy,https://idiggreenacres.com/products/variegated-ground-ivy,updated,Green_Acres_Page_Size_Text; Green_Acres_Landscape_Size_Text; Green_Acres_Notes; Green_Acres_Page_Last_Crawled; Green_Acres_Tags; Green_Acres_Light_Requirement,
570,Hanging Basket 10,https://idiggreenacres.com/products/warm-season-hanging-basket,updated,Green_Acres_Notes; Green_Acres_Page_Last_Crawled; Green_Acres_Tags; Green_Acres_Light_Requirement; Green_Acres_USDA_Zone; Green_Acres_Growth_Habit; Green_Acres_Growth_Rate,
582,Bridal Sunblaze&#174; Miniature Rose,https://idiggreenacres.com/products/bridal-sunblaze-174-miniature-rose,updated,Green_Acres_Notes; Green_Acres_Page_Last_Crawled; Green_Acres_Tags; Green_Acres_Light_Requirement; Green_Acres_Water_Needs; Green_Acres_Growth_Habit; Green_Acres_Attributes,
594,Enchanted Peace&#8482; Rose,https://idiggreenacres.com/products/enchanted-peace-8482-rose,updated,Green_Acres_Notes; Green_Acres_Page_Last_Crawled; Green_Acres_Tags; Green_Acres_Light_Requirement; Green_Acres_Water_Needs; Green_Acres_Growth_Habit,
619,Perfume Factory&#8482; Rose,https://idiggreenacres.com/products/perfume-factory-8482-rose,updated,Green_Acres_Notes; Green_Acres_Page_Last_Crawled; Green_Acres_Tags; Green_Acres_Light_Requirement; Green_Acres_Water_Needs; Green_Acres_Growth_Habit,
622,Quicksilver&#8482; Arborose&#174; Climbing Rose,https://idiggreenacres.com/products/quicksilver-8482-arborose-174-rose,updated,Green_Acres_Notes; Green_Acres_Page_Last_Crawled; Green_Acres_Tags; Green_Acres_Light_Requirement; Green_Acres_Water_Needs; Green_Acres_Growth_Habit; Green_Acres_Attributes,
669,African Iris,https://idiggreenacres.com/products/african-iris,updated,Green_Acres_Notes; Green_Acres_Page_Last_Crawled; Green_Acres_Tags; Green_Acres_Light_Requirement,
674,Arabian Jasmine,https://idiggreenacres.com/products/arabian-jasmine,updated,Green_Acres_Notes; Green_Acres_Page_Last_Crawled; Green_Acres_Tags; Green_Acres_Light_Requirement; Green_Acres_Growth_Habit; Green_Acres_Growth_Rate; Green_Acres_Attributes,
677,Australian Tree Fern,https://idiggreenacres.com/products/australian-tree-fern,updated,Green_Acres_Notes; Green_Acres_Page_Last_Crawled; Green_Acres_Tags; Green_Acres_Light_Requirement,
699,Bamboo 'Alphonse Karr',https://idiggreenacres.com/products/bamboo-alphonse-karr,updated,Green_Acres_Notes; Green_Acres_Page_Last_Crawled; Green_Acres_Tags; Green_Acres_Light_Requirement,
700,Bamboo 'Golden Goddess',https://idiggreenacres.com/products/bamboo-golden-goddess,updated,Green_Acres_Notes; Green_Acres_Page_Last_Crawled; Green_Acres_Tags; Green_Acres_Light_Requirement,
710,Black Bamboo,https://idiggreenacres.com/products/black-bamboo,updated,Green_Acres_Notes; Green_Acres_Page_Last_Crawled; Green_Acres_Tags; Green_Acres_Light_Requirement; Green_Acres_USDA_Zone; Green_Acres_Attributes,
819,Double Take Orange Storm&#8482; Flowering Quince,https://idiggreenacres.com/products/double-take-orange-storm-8482-flowering-quince,updated,Green_Acres_Notes; Green_Acres_Page_Last_Crawled; Green_Acres_Tags; Green_Acres_Light_Requirement; Green_Acres_Water_Needs,
820,Double Take Pink Storm&#8482; Flowering Quince,https://idiggreenacres.com/products/double-take-pink-storm-8482-flowering-quince,updated,Green_Acres_Notes; Green_Acres_Page_Last_Crawled; Green_Acres_Tags; Green_Acres_Light_Requirement; Green_Acres_Water_Needs,
821,Double Take Scarlet Storm&#8482; Flowering Quince,https://idiggreenacres.com/products/double-take-scarlet-storm-8482-flowering-quince,updated,Green_Acres_Notes; Green_Acres_Page_Last_Crawled; Green_Acres_Tags; Green_Acres_Light_Requirement; Green_Acres_Water_Needs,
850,Flax Lily,https://idiggreenacres.com/products/flax-lily-coolvista,updated,Green_Acres_Notes; Green_Acres_Page_Last_Crawled; Green_Acres_Tags; Green_Acres_Light_Requirement,
870,Giant Timber Bamboo,https://idiggreenacres.com/products/giant-timber-bamboo,updated,Green_Acres_Notes; Green_Acres_Page_Last_Crawled; Green_Acres_Tags; Green_Acres_Light_Requirement,
874,Goldflame Honeysuckle Stake,https://idiggreenacres.com/products/goldflame-honeysuckle-stake-monrovia,updated,Green_Acres_Notes; Green_Acres_Page_Last_Crawled; Green_Acres_Tags; Green_Acres_Light_Requirement; Green_Acres_Growth_Habit,
893,Horsetail Reed,https://idiggreenacres.com/products/horsetail-reed,updated,Green_Acres_Notes; Green_Acres_Page_Last_Crawled; Green_Acres_Tags; Green_Acres_Light_Requirement; Green_Acres_Growth_Habit,
895,Hydrangea,https://idiggreenacres.com/products/hydrangea,updated,Green_Acres_Notes; Green_Acres_Page_Last_Crawled; Green_Acres_Tags; Green_Acres_Light_Requirement; Green_Acres_Growth_Habit,
920,Juniper 'Wichita Blue',https://idiggreenacres.com/products/juniper-wichita-blue,updated,Green_Acres_Notes; Green_Acres_Page_Last_Crawled; Green_Acres_Tags; Green_Acres_Light_Requirement; Green_Acres_Water_Needs; Green_Acres_Growth_Habit; Green_Acres_Growth_Rate,
942,Lilyturf 'Silvery Sunproof',https://idiggreenacres.com/products/lilyturf-silvery-sunproof,updated,Green_Acres_Notes; Green_Acres_Page_Last_Crawled; Green_Acres_Tags; Green_Acres_Light_Requirement; Green_Acres_Water_Needs; Green_Acres_USDA_Zone; Green_Acres_Growth_Habit,
995,Red Abyssinian Banana,https://idiggreenacres.com/products/red-abyssinian-banana,updated,Green_Acres_Notes; Green_Acres_Page_Last_Crawled; Green_Acres_Tags; Green_Acres_Light_Requirement,
1007,Rosemary Holiday Cone,https://idiggreenacres.com/products/rosemary-pyramid,updated,Green_Acres_Notes; Green_Acres_Page_Last_Crawled; Green_Acres_Tags; Green_Acres_Water_Needs; Green_Acres_Attributes,
1010,Silver Maiden Grass 'Morning Light',https://idiggreenacres.com/products/silver-grass-morning-light,updated,Green_Acres_Notes; Green_Acres_Page_Last_Crawled; Green_Acres_Tags; Green_Acres_Light_Requirement; Green_Acres_Water_Needs,
1057,Yucca 'Blue Sentry',https://idiggreenacres.com/products/yucca-blue-sentry,updated,Green_Acres_Notes; Green_Acres_Page_Last_Crawled; Green_Acres_Tags; Green_Acres_USDA_Zone; Green_Acres_Attributes,
1059,Yucca 'Color Guard',https://idiggreenacres.com/products/yucca-color-guard,updated,Green_Acres_Notes; Green_Acres_Page_Last_Crawled; Green_Acres_Tags; Green_Acres_Growth_Habit; Green_Acres_Attributes,
1061,Almond 'All in One',https://idiggreenacres.com/products/almond-all-in-one-1,updated,Green_Acres_Notes; Green_Acres_Page_Last_Crawled; Green_Acres_Tags; Green_Acres_Light_Requirement; Green_Acres_Attributes,
1062,Almond,https://idiggreenacres.com/products/almond-all-in-one-bareroot,updated,Green_Acres_Notes; Green_Acres_Page_Last_Crawled; Green_Acres_Tags; Green_Acres_Light_Requirement; Green_Acres_Attributes,
1070,Apple,https://idiggreenacres.com/products/apple-gala-bareroot,updated,Green_Acres_Notes; Green_Acres_Page_Last_Crawled; Green_Acres_Tags; Green_Acres_Attributes,
1082,Apple Multi-Graft Combo #1 Bareroot,https://idiggreenacres.com/products/apple-multi-graft-combo-1-bareroot,updated,Green_Acres_Notes; Green_Acres_Page_Last_Crawled; Green_Acres_Tags; Green_Acres_Water_Needs; Green_Acres_Attributes,
1084,Apple Multi-Graft Combo #3 Bareroot,https://idiggreenacres.com/products/apple-multi-graft-combo-3-bareroot,updated,Green_Acres_Notes; Green_Acres_Page_Last_Crawled; Green_Acres_Tags; Green_Acres_Water_Needs; Green_Acres_Attributes,
1086,Apple,https://idiggreenacres.com/products/apple-pink-lady-bareroot,updated,Green_Acres_Notes; Green_Acres_Page_Last_Crawled; Green_Acres_Tags; Green_Acres_Attributes,
1112,Fig 'Black Jack' | Monrovia,https://idiggreenacres.com/products/black-jack-fig-monrovia,updated,Green_Acres_Notes; Green_Acres_Page_Last_Crawled; Green_Acres_Tags; Green_Acres_Growth_Habit; Green_Acres_Attributes,
1136,Cherry Multi-Graft Combo #1 Bareroot,https://idiggreenacres.com/products/cherry-multi-graft-combo-1-bareroot,updated,Green_Acres_Notes; Green_Acres_Page_Last_Crawled; Green_Acres_Tags; Green_Acres_Water_Needs; Green_Acres_Attributes,
1137,Cherry Multi-Graft Combo #3 Bareroot,https://idiggreenacres.com/products/cherry-multi-graft-combo-3-bareroot,updated,Green_Acres_Notes; Green_Acres_Page_Last_Crawled; Green_Acres_Tags; Green_Acres_Water_Needs; Green_Acres_USDA_Zone; Green_Acres_Attributes,
1156,Coral Bark Maple,https://idiggreenacres.com/products/coral-bark-maple,updated,Green_Acres_Notes; Green_Acres_Page_Last_Crawled; Green_Acres_Tags; Green_Acres_Water_Needs; Green_Acres_Growth_Habit; Green_Acres_Attributes,
1182,Desert Willow 'Bubba',https://idiggreenacres.com/products/desert-willow-bubba,updated,Green_Acres_Notes; Green_Acres_Page_Last_Crawled; Green_Acres_Tags; Green_Acres_Light_Requirement; Green_Acres_Growth_Habit; Green_Acres_Attributes,
1220,Fruit Salad Multi-Graft Combo #1 Bareroot,https://idiggreenacres.com/products/fruit-salad-multi-graft-combo-1-bareroot,updated,Green_Acres_Notes; Green_Acres_Page_Last_Crawled; Green_Acres_Tags; Green_Acres_Water_Needs; Green_Acres_Attributes,
1221,Fruit Salad Multi-Graft Combo #2 Bareroot,https://idiggreenacres.com/products/fruit-salad-multi-graft-combo-2-bareroot,updated,Green_Acres_Notes; Green_Acres_Page_Last_Crawled; Green_Acres_Tags; Green_Acres_Water_Needs; Green_Acres_Attributes,
1236,Japanese Laceleaf Maple 'Orangeola',https://idiggreenacres.com/products/japanese-laceleaf-maple-orangeola,error,,HTTP 429
1239,Japanese Maple 'Bihou',https://idiggreenacres.com/products/japanese-maple-bihou,updated,Green_Acres_Notes; Green_Acres_Page_Last_Crawled; Green_Acres_Tags; Green_Acres_Water_Needs; Green_Acres_Growth_Habit; Green_Acres_Attributes,
1242,Japanese Maple 'Fireglow',https://idiggreenacres.com/products/japanese-maple-fireglow,updated,Green_Acres_Notes; Green_Acres_Page_Last_Crawled; Green_Acres_Tags; Green_Acres_Water_Needs; Green_Acres_Growth_Habit; Green_Acres_Growth_Rate; Green_Acres_Attributes,
1243,Japanese Maple 'Inaba Shidare',https://idiggreenacres.com/products/japanese-maple-inaba-shidare,updated,Green_Acres_Notes; Green_Acres_Page_Last_Crawled; Green_Acres_Tags; Green_Acres_Water_Needs; Green_Acres_Growth_Habit; Green_Acres_Growth_Rate; Green_Acres_Attributes,
1247,Japanese Maple 'Sharp's Pygmy',https://idiggreenacres.com/products/japanese-maple-sharps-pygmy,updated,Green_Acres_Notes; Green_Acres_Page_Last_Crawled; Green_Acres_Tags; Green_Acres_Water_Needs; Green_Acres_Growth_Habit; Green_Acres_Growth_Rate; Green_Acres_Attributes,
1269,Mediterranean Fan Palm,https://idiggreenacres.com/products/mediterranean-fan-palm,updated,Green_Acres_Notes; Green_Acres_Page_Last_Crawled; Green_Acres_Tags; Green_Acres_Light_Requirement; Green_Acres_Growth_Habit; Green_Acres_Attributes,
1271,Nectaplum,https://idiggreenacres.com/products/nectaplum-spice-zee-bareroot,updated,Green_Acres_Notes; Green_Acres_Page_Last_Crawled; Green_Acres_Tags; Green_Acres_Water_Needs; Green_Acres_Attributes,
1296,Peach and Nectarine Multi-Graft Combo #2 Bareroot,https://idiggreenacres.com/products/peach-and-nectarine-multi-graft-combo-2-bareroot,updated,Green_Acres_Notes; Green_Acres_Page_Last_Crawled; Green_Acres_Tags; Green_Acres_Light_Requirement; Green_Acres_Water_Needs; Green_Acres_Attributes,
1316,Peach Multi-Graft Combo Bareroot,https://idiggreenacres.com/products/peach-multi-graft-combo-bareroot,updated,Green_Acres_Notes; Green_Acres_Page_Last_Crawled; Green_Acres_Tags; Green_Acres_Water_Needs; Green_Acres_Attributes,
1335,Pear Multi-Graft Combo #2 Bareroot,https://idiggreenacres.com/products/pear-multi-graft-combo-2-bareroot,updated,Green_Acres_Notes; Green_Acres_Page_Last_Crawled; Green_Acres_Tags; Green_Acres_Water_Needs; Green_Acres_Attributes,
1351,Plum Multi-Graft Combo Bareroot,https://idiggreenacres.com/products/plum-multi-graft-combo-bareroot,updated,Green_Acres_Notes; Green_Acres_Page_Last_Crawled; Green_Acres_Tags; Green_Acres_Attributes,
1383,"Mandarin 'Gold Nugget', Semi-Dwarf",https://idiggreenacres.com/products/semi-dwarf-mandarin-gold-nugget,updated,Green_Acres_Notes; Green_Acres_Page_Last_Crawled; Green_Acres_Tags; Green_Acres_Water_Needs; Green_Acres_Growth_Habit; Green_Acres_Attributes,
1384,"Mandarin 'Tango', Semi-Dwarf",https://idiggreenacres.com/products/semi-dwarf-mandarin-tango,updated,Green_Acres_Notes; Green_Acres_Page_Last_Crawled; Green_Acres_Tags; Green_Acres_Water_Needs; Green_Acres_Growth_Habit; Green_Acres_Attributes,
1386,"Orange 'Valencia', Semi-Dwarf",https://idiggreenacres.com/products/semi-dwarf-orange-valencia,updated,Green_Acres_Notes; Green_Acres_Page_Last_Crawled; Green_Acres_Tags; Green_Acres_Water_Needs; Green_Acres_Growth_Habit; Green_Acres_Attributes,
1387,"Mandarin 'Owari Satsuma', Semi-Dwarf",https://idiggreenacres.com/products/semi-dwarf-satsuma-mandarin-owari,updated,Green_Acres_Notes; Green_Acres_Page_Last_Crawled; Green_Acres_Tags; Green_Acres_Light_Requirement; Green_Acres_Attributes,
1408,Windmill Palm,https://idiggreenacres.com/products/windmill-palm,updated,Green_Acres_Notes; Green_Acres_Page_Last_Crawled; Green_Acres_Tags; Green_Acres_Light_Requirement; Green_Acres_Growth_Habit,
1409,Wisteria 'Amethyst Falls' Staked,https://idiggreenacres.com/products/wisteria-amethyst-falls-staked,updated,Green_Acres_Notes; Green_Acres_Page_Last_Crawled; Green_Acres_Tags,
1410,Wisteria 'Cooke's Purple' Staked,https://idiggreenacres.com/products/wisteria-cookes-purple-stake,updated,Green_Acres_Notes; Green_Acres_Page_Last_Crawled; Green_Acres_Tags,
1411,Wisteria Staked,https://idiggreenacres.com/products/wisteria-staked,updated,Green_Acres_Notes; Green_Acres_Page_Last_Crawled; Green_Acres_Tags; Green_Acres_Attributes,
1416,Black-Eyed Susan Vine,https://idiggreenacres.com/products/black-eyed-susan-vine,updated,Green_Acres_Notes; Green_Acres_Page_Last_Crawled; Green_Acres_Tags; Green_Acres_Light_Requirement; Green_Acres_USDA_Zone; Green_Acres_Growth_Habit,
1418,Carolina Jessamine Stake,https://idiggreenacres.com/products/carolina-jessamine-stake,updated,Green_Acres_Notes; Green_Acres_Page_Last_Crawled; Green_Acres_Tags; Green_Acres_Light_Requirement; Green_Acres_Growth_Habit,
1419,Clematis,https://idiggreenacres.com/products/clematis,updated,Green_Acres_Page_Size_Text; Green_Acres_Landscape_Size_Text; Green_Acres_Notes; Green_Acres_Page_Last_Crawled; Green_Acres_Tags; Green_Acres_Light_Requirement; Green_Acres_Growth_Habit,
1420,Creeping Fig Stake,https://idiggreenacres.com/products/creepingfig,updated,Green_Acres_Page_Size_Text; Green_Acres_Landscape_Size_Text; Green_Acres_Notes; Green_Acres_Page_Last_Crawled,
1421,Crossvine 'Tangerine Beauty',https://idiggreenacres.com/products/crossvine-tangerine-beauty-monrovia,updated,Green_Acres_Notes; Green_Acres_Page_Last_Crawled; Green_Acres_Tags; Green_Acres_Light_Requirement; Green_Acres_Growth_Habit; Green_Acres_Attributes,
1422,Grape 'Black Monukka',https://idiggreenacres.com/products/grape-black-monukka,updated,Green_Acres_Notes; Green_Acres_Page_Last_Crawled; Green_Acres_Tags; Green_Acres_Growth_Habit; Green_Acres_Attributes,
1423,Grape 'Concord Seedless',https://idiggreenacres.com/products/grape-concord-seedless,updated,Green_Acres_Notes; Green_Acres_Page_Last_Crawled; Green_Acres_Tags; Green_Acres_Growth_Habit; Green_Acres_Attributes,
1424,Grape 'Flame Seedless',https://idiggreenacres.com/products/grape-flame-seedless,updated,Green_Acres_Notes; Green_Acres_Page_Last_Crawled; Green_Acres_Tags; Green_Acres_Growth_Habit; Green_Acres_Attributes,
1425,Grape 'Thompson Seedless',https://idiggreenacres.com/products/grape-thompson-seedless,updated,Green_Acres_Notes; Green_Acres_Page_Last_Crawled; Green_Acres_Tags; Green_Acres_Growth_Habit; Green_Acres_Attributes,
1426,Hall's Honeysuckle Stake,https://idiggreenacres.com/products/halls-honeysuckle-stake,updated,Green_Acres_Notes; Green_Acres_Page_Last_Crawled; Green_Acres_Tags; Green_Acres_Light_Requirement; Green_Acres_Growth_Habit,
1429,Lilac Vine Stake,https://idiggreenacres.com/products/lilac-vine-stake,updated,Green_Acres_Notes; Green_Acres_Page_Last_Crawled; Green_Acres_Tags; Green_Acres_Light_Requirement; Green_Acres_Growth_Habit; Green_Acres_Attributes,
1431,Morning Glory,https://idiggreenacres.com/products/morning-glory-blue-dawn-flower,updated,Green_Acres_Notes; Green_Acres_Page_Last_Crawled,
1432,Passion Fruit,https://idiggreenacres.com/products/passion-fruit,updated,Green_Acres_Notes; Green_Acres_Page_Last_Crawled; Green_Acres_Tags; Green_Acres_Growth_Habit; Green_Acres_Attributes,
1433,Pink Bower Vine,https://idiggreenacres.com/products/pink-bower-vine,updated,Green_Acres_Notes; Green_Acres_Page_Last_Crawled; Green_Acres_Tags; Green_Acres_Light_Requirement; Green_Acres_Growth_Habit,
1434,Pink Jasmine Stake,https://idiggreenacres.com/products/pink-jasmine-stake,updated,Green_Acres_Notes; Green_Acres_Page_Last_Crawled; Green_Acres_Tags; Green_Acres_Light_Requirement; Green_Acres_Growth_Habit,
1437,Variegated Bower Vine,https://idiggreenacres.com/products/variegated-bower-vine,updated,Green_Acres_Notes; Green_Acres_Page_Last_Crawled; Green_Acres_Tags; Green_Acres_Light_Requirement; Green_Acres_Growth_Habit,
1438,White Potato Vine Stake,https://idiggreenacres.com/products/white-potato-vine-stake,updated,Green_Acres_Notes; Green_Acres_Page_Last_Crawled; Green_Acres_Tags; Green_Acres_Attributes,
1439,Zestful&#8482; Lollipop Grape | Monrovia,https://idiggreenacres.com/products/zestful-8482-lollipop-grape-monrovia,updated,Green_Acres_Notes; Green_Acres_Page_Last_Crawled; Green_Acres_Tags; Green_Acres_Growth_Habit; Green_Acres_Attributes,
1440,Zestful&#8482; Waterfall Grape | Monrovia,https://idiggreenacres.com/products/zestful-8482-waterfall-grape-monrovia,updated,Green_Acres_Notes; Green_Acres_Page_Last_Crawled; Green_Acres_Tags; Green_Acres_Growth_Habit; Green_Acres_Attributes,
