plantId,productName,botanicalName,usdaNationalMatch,usdaNationalConfidence,usdaCaliforniaMatch,usdaCaliforniaConfidence,permapeopleMatch,permapeopleScientific,permapeopleConfidence,companionRows
1,Alyssum,Alyssum Assorted,,,,,,,,0
2,Angelonia,Angelonia augustifolia,,,,,,,,0
3,Annual Dianthus,Dianthus Assorted,,,,,,,,0
4,Annual Verbena,,,,,,,,,0
5,Annual Vinca,Catharanthus roseus,,,,,,,,0
6,Begonia,Begonia Assorted,,,,,,,,0
7,Begonia Nonstop&#174;,Begonia Assorted,,,,,,,,0
8,California Poppy,Eschscholzia californica,,,,,,,,0
9,Celosia,Celosia plumosa,,,,,,,,0
10,Cosmos,Cosmos bipinnatus,,,,,,,,0
11,Firefly Petunia,,,,,,,,,0
12,FlameThrower&#8482; Coleus,Coleus x hybridus,,,,,,,,0
13,Hippo&#174; Polka Dot Plant,Hypoestes phyllostachya,,,,,,,,0
14,Impatiens,Impatiens Assorted,,,,,,,,0
15,Lobelia,Lobelia Assorted,,,,,,,,0
16,Marigold,,,,,,,,,0
17,Mojave&#174; Series Purslane,Portulaca umbraticola,,,,,,,,0
18,Nasturtium,,,,,,,,,0
19,New Guinea Impatiens,Impatiens hawkeri,,,,,,,,0
20,Petunia,Petunia Assorted,,,,,,,,0
21,Pocketbook Flower,,,,,,,,,0
22,Purslane,Portulaca oleracea,,,,,,,,0
23,Moss Rose,Portulaca grandiflora,,,,,,,,0
24,Red Hot Sally Sage,Salvia splendens,,,,,,,,0
25,Sage,Salvia farinacea 'Victoria Blue',,,,,,,,0
26,Soiree Kawaii&#174; Series Vinca,Catharanthus roseus,,,,,,,,0
27,Star Clusters,Pentas lanceolata,,,,,,,,0
28,SunBelievable&#8482; Sunflower,,,,,,,,,0
29,Suncredible&#174; Yellow Sunflower,,,,,,,,,0
30,Sunflower,Helianthus annuus,,,,,,,,0
31,SunPatiens&#174;,,,,,,,,,0
32,Supertunia&#174; Series Petunias,Grown by Matsuda's,,,,,,,,0
33,Surefire Cascade&#8482; Red Begonia,Begonia Assorted,,,,,,,,0
34,Zinnia,Zinnia elegans,,,,,,,,0
35,Cucumber 'Armenian',Cucumis melo,,,,,,,,0
36,Basil,Ocimum basilicum 'Purpurascens',,,,,,,,0
37,Basil 'Large Leaf Italian',Ocimum basilicum 'Large Leaf Italian',,,,,,,,0
38,Basil,Ocimum basilicum,,,,,,,,0
39,Basil,Ocimum basilicum var. thyrsiflora,,,,,,,,0
40,Bitter Melon,Cucumis sativus,,,,,,,,0
41,Borage,Borago officinalis,,,,,,,,0
42,Bush Bean 'Blue Lake',Phaseolus vulgaris,,,,,,,,0
43,Catnip,Nepeta cataria,,,,,,,,0
44,Celery,Apium graveolens,,,,,,,,0
45,Chamomile,Matricaria chamomilla,,,,,,,,0
46,Chives,Allium schoenoprasum,,,,,,,,0
47,Chives 'Garlic',Allium tuberosum,,,,,,,,0
48,Chives,Allium schoenoprasum,,,,,,,,0
49,Cilantro/Coriander,Coriandrum sativum,,,,,,,,0
50,Collard Greens,Brassica oleracea var. viridis,,,,,,,,0
51,Corn Bicolor,Zea mays,,,,,,,,0
52,Cucamelon,Cucumis sativus,,,,,,,,0
53,Cucumber,Cucumis sativus,,,,,,,,0
54,Cucumber 'English Tender Crisp',Cucumis sativus,,,,,,,,0
55,Cucumber 'Japanese Long',Cucumis sativus,,,,,,,,0
56,Cucumber 'Lemon',Cucumis sativus,,,,,,,,0
57,Cucumber 'Persian',Cucumis sativus,,,,,,,,0
58,Cucumber 'Pickling Bush',Cucumis sativus,,,,,,,,0
59,Cucumber 'Saladmore Bush Hybrid',Cucumis sativus,,,,,,,,0
60,Cucumber 'Spartan Valor',Cucumis sativus,,,,,,,,0
61,Dill,Anethum graveolens,,,,,,,,0
62,"Dill, Organic",Anethum graveolens,,,,,,,,0
63,Edamame Beans,Glycine max,,,,,,,,0
64,Eggplant,Solanum melongena,,,,,,,,0
65,Eggplant 'Cloud Nine',Solanum melongena,,,,,,,,0
66,Eggplant 'Fairytale',Solanum melongena,,,,,,,,0
67,Eggplant 'Ichiban',Solanum melongena,,,,,,,,0
68,Eggplant 'Japanese Long',Solanum melongena,,,,,,,,0
69,Eggplant 'Millionaire',Solanum melongena,,,,,,,,0
70,Fava Bean,Vicia faba,,,,,,,,0
71,Fennel 'Green Leaf',Foeniculum vulgare,,,,,,,,0
72,"Italian Parsley, Organic",Petroselinum crispum,,,,,,,,0
73,Kale,Brassica oleracea 'Blue Knight',,,,,,,,0
74,Kale,Brassica oleracea,,,,,,,,0
75,Kale,Brassica oleracea,,,,,,,,0
76,Lavender,,,,,,,,,0
77,Lemon Balm,Melissa officinalis,,,,,,,,0
78,Lemongrass,,,,,,,,,0
79,Thyme 'Lemon',Thymus x citriodorus 'Lemon',,,,,,,,0
80,Lemon Verbena,Aloysia citrodora,,,,,,,,0
81,Marjoram 'Sweet',Origanum majorana,,,,,,,,0
82,Melon 'Ambrosia Cantaloupe',Cucumis melo,,,,,,,,0
83,Melon 'Ball Hybrid Cantaloupe',Cucumis melo,,,,,,,,0
84,Melon 'Crenshaw',Cucumis melo,,,,,,,,0
85,Melon 'Gold Star Cantaloupe',Cucumis melo,,,,,,,,0
86,Melon 'Hale's Best Cantaloupe',Cucumis melo,,,,,,,,0
87,Melon 'Harper's Hybrid Cantaloupe',Cucumis melo,,,,,,,,0
88,Melon 'Honeydew',Cucumis melo,,,,,,,,0
89,Melon 'Roadside Cantaloupe',Cucumis melo,,,,,,,,0
90,Mint 'Chocolate',,,,,,,,,0
91,Mint,,,,,,,,,0
92,Mint,Mentha spicata,,,,,,,,0
93,Tomato 'Momotaro',Solanum lycopersicum,,,,,,,,0
94,Okra 'Clemson Spineless',Abelmoschus esculentus,,,,,,,,0
95,Okra,Abelmoschus esculentus,,,,,,,,0
96,Onion 'Scallions/Green Onions',Allium cepa,,,,,,,,0
97,Onion 'Shallots',Allium cepa,,,,,,,,0
98,Onion 'Red',Allium cepa,,,,,,,,0
99,Onion 'White',Allium cepa,,,,,,,,0
100,Onion 'Yellow',Allium cepa,,,,,,,,0
101,Oregano,Origanum vulgare,,,,,,,,0
102,Oregano 'Hot n' Spicy',Origanum vulgare,,,,,,,,0
103,Oregano,Origanum vulgare,,,,,,,,0
104,"Cilantro/Coriander, Organic",Coriandrum sativum,,,,,,,,0
105,Melon 'Hearts of Gold Cantaloupe',Cucumis melo,,,,,,,,0
106,Mint,Mentha spicata,,,,,,,,0
107,Oregano 'Italian' Organic,Origanum vulgare,,,,,,,,0
108,Rosemary 'Barbecue',Rosmarinus officinalis,,,,,,,,0
109,Thyme 'English',Thymus vulgaris,,,,,,,,0
110,Thyme 'Lemon' Organic,Thymus x citriodorus 'Lemon',,,,,,,,0
111,Parsley 'Curly Leaf',Petroselinum crispum,,,,,,,,0
112,Parsley,Petroselinum crispum,,,,,,,,0
113,Pepper 'Anaheim',Capsicum annuum,,,,,,,,0
114,Pepper 'Big Bertha',Capsicum annuum,,,,,,,,0
115,Pepper 'Calabrian Chile',Capsicum annuum,,,,,,,,0
116,Pepper 'Caribbean Red',Capsicum annuum,,,,,,,,0
117,Pepper,Capsicum annuum,,,,,,,,0
118,Pepper,Capsicum annuum,,,,,,,,0
119,Pepper 'Chile de Arbol',Capsicum annuum,,,,,,,,0
120,Pepper 'Eisley Wax',Capsicum annuum,,,,,,,,0
121,Pepper,Capsicum annuum,,,,,,,,0
122,Pepper 'Garden Salsa',Capsicum annuum,,,,,,,,0
123,Pepper,Capsicum annuum,,,,,,,,0
124,Pepper 'Green Bell',Capsicum annuum,,,,,,,,0
125,Pepper 'Gypsy',Capsicum annuum,,,,,,,,0
126,Pepper,Capsicum annuum,,,,,,,,0
127,Pepper,Capsicum annuum,,,,,,,,0
128,Pepper 'Italian Long',Capsicum annuum,,,,,,,,0
129,Pepper,Capsicum annuum,,,,,,,,0
130,Pepper 'Jimmy Nardello',Capsicum annuum,,,,,,,,0
131,Pepper 'Marconi',Capsicum annuum,,,,,,,,0
132,Pepper,Capsicum annuum,,,,,,,,0
133,Pepper 'Padron',Capsicum annuum,,,,,,,,0
134,Pepper 'Pepperoncini',Capsicum annuum,,,,,,,,0
135,Pepper,Capsicum annuum,,,,,,,,0
136,Pepper 'Purple Bell',Capsicum annuum,,,,,,,,0
137,Pepper 'Red Bell',Capsicum annuum,,,,,,,,0
138,Pepper,Capsicum annuum,,,,,,,,0
139,Pepper,Capsicum annuum,,,,,,,,0
140,Pepper,Capsicum annuum,,,,,,,,0
141,Pepper 'Snackabelle Red',Capsicum annuum,,,,,,,,0
142,Pepper 'Spanish Sweet',Capsicum annuum,,,,,,,,0
143,Pepper,Capsicum annuum,,,,,,,,0
144,Pepper 'Sweet Cherry',Capsicum annuum,,,,,,,,0
145,Pepper 'Sweet Italian',Capsicum annuum,,,,,,,,0
146,Pepper 'Thai',Capsicum annuum,,,,,,,,0
147,Pepper,Capsicum annuum,,,,,,,,0
148,Pepper 'Yellow Bell',Capsicum annuum,,,,,,,,0
149,Pole Bean 'Blue Lake',Phaseolus vulgaris,,,,,,,,0
150,Pole Bean 'Kentucky Wonder',Phaseolus vulgaris,,,,,,,,0
151,Pole Bean 'Romano',Phaseolus vulgaris,,,,,,,,0
152,Pumpkin,Cucurbita pepo,,,,,,,,0
153,Pumpkin 'Jack-O-Lantern',Cucurbita pepo,,,,,,,,0
154,Rosemary Upright,Rosmarinus officinalis,,,,,,,,0
155,Rue,Ruta graveolens,,,,,,,,0
156,Sage,Salvia officinalis,,,,,,,,0
157,Sage 'Berggarten',Salvia officinalis,,,,,,,,0
158,Sage 'Purple',Salvia officinalis,,,,,,,,0
159,Sage 'Tricolor',Salvia officinalis,,,,,,,,0
160,Snap Pea 'Sugar Snap',Pisum sativum macrocarpon,,,,,,,,0
161,Snow Pea 'Oregon Sugar Pod',Pisum sativum saccharatum,,,,,,,,0
162,Spinach,Spinacia oleracea,,,,,,,,0
163,Squash 'Banana',Cucurbita maxima,,,,,,,,0
164,Squash 'Butternut',Cucurbita moschata,,,,,,,,0
165,Squash 'Eight Ball Zucchini',Cucurbita pepo,,,,,,,,0
166,Squash 'Gold Rush Zucchini',Cucurbita pepo,,,,,,,,0
167,Squash,Cucurbita pepo,,,,,,,,0
168,Squash 'Magda',Cucurbita pepo,,,,,,,,0
169,Squash 'Peter Pan',Cucurbita pepo,,,,,,,,0
170,Squash 'Spaghetti',Cucurbita pepo,,,,,,,,0
171,Squash 'Sunburst',Cucurbita pepo,,,,,,,,0
172,Squash 'Table Ace',Cucurbita pepo,,,,,,,,0
173,Squash,Cucurbita pepo,,,,,,,,0
174,Squash 'Zephyr',Cucurbita pepo,,,,,,,,0
175,Stevia,,,,,,,,,0
176,"Sweet Lavender, Organic",,,,,,,,,0
177,Tarragon,Artemisia dracunculus,,,,,,,,0
178,Thyme,Thymus vulgaris,,,,,,,,0
179,Thyme 'French',Thymus vulgaris,,,,,,,,0
180,Tomatillo,Physalis philadelphica,,,,,,,,0
181,Tomato 'Ace',Solanum lycopersicum,,,,,,,,0
182,Tomato 'Amish Paste',Solanum lycopersicum,,,,,,,,0
183,Tomato 'Barry's Crazy Cherry',Wild Boar Farms,,,,,,,,0
184,Tomato 'Beef Master',Solanum lycopersicum,,,,,,,,0
185,Tomato 'Beefsteak',Solanum lycopersicum,,,,,,,,0
186,Tomato,Solanum lycopersicum,,,,,,,,0
187,Tomato,Solanum lycopersicum,,,,,,,,0
188,Tomato 'Black Beauty',Wild Boar Farms,,,,,,,,0
189,Tomato,Solanum lycopersicum,,,,,,,,0
190,Tomato 'Black Krim',Solanum lycopersicum,,,,,,,,0
191,Tomato 'Blue Berries',Wild Boar Farms,,,,,,,,0
192,Tomato 'Brad's Atomic Grape',Wild Boar Farms,,,,,,,,0
193,Tomato 'Brandy Boy',Solanum lycopersicum,,,,,,,,0
194,Tomato 'Red Brandywine',Solanum lycopersicum,,,,,,,,0
195,Tomato 'Bull's Heart',Solanum lycopersicum,,,,,,,,0
196,Tomato 'Caspian Pink',Solanum lycopersicum,,,,,,,,0
197,Tomato,Solanum lycopersicum,,,,,,,,0
198,Tomato 'Champion',Solanum lycopersicum,,,,,,,,0
199,Tomato,Solanum lycopersicum,,,,,,,,0
200,Tomato 'Chocolate Sprinkles',Solanum lycopersicum,,,,,,,,0
201,Tomato,Solanum lycopersicum,,,,,,,,0
202,Tomato 'Fantastico',Solanum lycopersicum,,,,,,,,0
203,Tomato 'Fourth of July',Solanum lycopersicum,,,,,,,,0
204,Tomato 'German Johnson',Solanum lycopersicum,,,,,,,,0
205,Tomato 'Goliath',Solanum lycopersicum,,,,,,,,0
206,Tomato 'Green Zebra',Solanum lycopersicum,,,,,,,,0
207,Tomato 'Hillbilly',Solanum lycopersicum,,,,,,,,0
208,Tomato,Solanum lycopersicum,,,,,,,,0
209,Tomato 'Isis Candy',Solanum lycopersicum,,,,,,,,0
210,Tomato 'Jelly Bean',Solanum lycopersicum,,,,,,,,0
211,Tomato 'Jetsetter',Solanum lycopersicum,,,,,,,,0
212,Tomato 'Juliet',Solanum lycopersicum,,,,,,,,0
213,Tomato 'Kellogg's Breakfast',Solanum lycopersicum,,,,,,,,0
214,Tomato,Solanum lycopersicum,,,,,,,,0
215,Tomato 'Mortgage Lifter',Solanum lycopersicum,,,,,,,,0
216,Tomato 'Mr. Stripey',Solanum lycopersicum,,,,,,,,0
217,Tomato 'Napa Chardonnay',Wild Boar Farms,,,,,,,,0
218,Tomato 'Napa Ros??',Wild Boar Farms,,,,,,,,0
219,Tomato 'Patio',Solanum lycopersicum,,,,,,,,0
220,Tomato 'Pineapple',Solanum lycopersicum,,,,,,,,0
221,Tomato 'Pineapple Pig',Wild Boar Farms,,,,,,,,0
222,Tomato 'Pink Berkeley Tie-Dye',Wild Boar Farms,,,,,,,,0
223,Tomato 'Pork Chop',Wild Boar Farms,,,,,,,,0
224,Tomato 'Pruden's Purple',Solanum lycopersicum,,,,,,,,0
225,Tomato,Solanum lycopersicum,,,,,,,,0
226,Tomato,Solanum lycopersicum,,,,,,,,0
227,Tomato 'Roma',Solanum lycopersicum,,,,,,,,0
228,Tomato 'San Marzano',Solanum lycopersicum,,,,,,,,0
229,Tomato 'Shady Lady',Solanum lycopersicum,,,,,,,,0
230,Tomato 'Stupice',Solanum lycopersicum,,,,,,,,0
231,Tomato,Solanum lycopersicum,,,,,,,,0
232,Tomato,Solanum lycopersicum,,,,,,,,0
233,Tomato,Solanum lycopersicum,,,,,,,,0
234,Tomato 'Sweet 100',Solanum lycopersicum,,,,,,,,0
235,Tomato 'Whopper',Solanum lycopersicum,,,,,,,,0
236,Tomato,Solanum lycopersicum,,,,,,,,0
237,Trailing Rosemary Herb,Rosmarinus officinalis 'Prostratus',,,,,,,,0
238,Onion 'Walla Walla',Allium cepa,,,,,,,,0
239,Watermelon 'Crimson Sugar Baby',Citrullus lanatus,,,,,,,,0
240,Watermelon,Citrullus lanatus,,,,,,,,0
241,Watermelon 'Sugar Baby',Citrullus lanatus,,,,,,,,0
242,Winter Savory,Satureja montana,,,,,,,,0
243,Yellow Corn,Zea mays,,,,,,,,0
244,Yellow Onion,Allium cepa,,,,,,,,0
245,Flowering Maple,Abutilon hybrid,,,,,,,,0
246,Aeonium,,,,,,,,,0
247,Aeonium 'Mardi Gras',Aeonium 'Mardi Gras',,,,,,,,0
248,Aeonium,Aeonium arboreum 'Zwartkop',,,,,,,,0
249,Agastache,,,,,,,,,0
250,Ajuga 'Burgundy Glow',Ajuga reptans 'Burgundy Glow',,,,,,,,0
251,Ajuga,Ajuga reptans 'Catlin's Giant',,,,,,,,0
252,Aloe 'Bright Star',Aloe 'Bright Star',,,,,,,,0
253,Aloe 'Green Sand',Aloe 'Green Sand',,,,,,,,0
254,Aloe 'Juvenna',,,,,,,,,0
255,Aloe 'Variegata',,,,,,,,,0
256,Aloe Vera,Aloe Vera,,,,,,,,0
257,Angel Wings Senecio,Senecio candicans 'Angel Wings',,,,,,,,0
258,Aptenia 'Red Apple',Aptenia cordifolia 'Red Apple',,,,,,,,0
259,Columbine,Aquilegia Assorted,,,,,,,,0
260,Arctotis,Arctotis Assorted,,,,,,,,0
261,Artemisia 'Powis Castle',Artemisia x 'Powis Castle',,,,,,,,0
262,Artemisia 'Silver Mound',Artemisia schmidtiana 'Silver Mound',,,,,,,,0
263,Artichoke,Cynara scolymus,,,,,,,,0
264,Asiatic Lily,Lilium asiatic,,,,,,,,0
265,Assorted Succulent Pack,Succulent Assorted,,,,,,,,0
266,Astilbe,Astilbe japonica,,,,,,,,0
267,Baby's Tears,Soleirolia soleirolii,,,,,,,,0
268,Bacopa,Sutera cordata,,,,,,,,0
269,Begonia rex,Begonia rex,,,,,,,,0
270,Berkeley Sedge,Carex divulsa (C. tumulicola),,,,,,,,0
271,Bidens,Bidens Assorted,,,,,,,,0
272,Black Mondo Grass,Ophiopogon planiscapus 'Nigrescens',,,,,,,,0
273,Blanket Flower,Gaillardia Assorted,,,,,,,,0
274,Blazing Star,Liatris spicata,,,,,,,,0
275,Bleeding Heart,Dicentra spp.,,,,,,,,0
276,Bloomify&#8482; Lantana,,,,,,,,,0
277,Blue Fescue,Festuca glauca,,,,,,,,0
278,Blue Lithodora,Lithodora diffusa,,,,,,,,0
279,Blue My Mind&#174; Dwarf Morning Glory,Evolvulus 'Blue My Mind',,,,,,,,0
280,Blue Oat Grass,Helictotrichon sempervirens,,,,,,,,0
281,Blue Spruce Stonecrop,Sedum reflexum 'Blue Spruce',,,,,,,,0
282,Blue Star Creeper,Isotoma fluviatilis 'Blue Star',,,,,,,,0
283,Brachyscome,Brachyscome Hybrid,,,,,,,,0
284,Lomandra Mat Rush Breeze&#8482;,Lomandra longifolia 'Breeze',,,,,,,,0
285,Bright Lights&#8482; Horizon&#8482; Sunset African Daisy,Osteospermum fruticosum,,,,,,,,0
286,Ajuga 'Bronze',Ajuga reptans 'Bronze',,,,,,,,0
287,Buchanan's Sage,Salvia buchananii,,,,,,,,0
288,Bush Strawflower,Bracteantha bracteata,,,,,,,,0
289,Cadet&#8482; Verbena,Cadet&#8482; Verbena Series,,,,,,,,0
290,Caladium,,,,,,,,,0
291,Caladium Heart to Heart&#174; Series,Caladium Heart to Heart&#174;,,,,,,,,0
292,Million Bells,,,,,,,,,0
293,California Fuchsia,Epilobium / Zauschneria californica,,,,,,,,0
294,California Gray Rush,Juncus patens,,,,,,,,0
295,California Red Buckwheat,Eriogonum grande rubescens,,,,,,,,0
296,California White Sage,Salvia apiana,,,,,,,,0
297,Calla Lily Hybrids,Zantedeschia aethiopica,,,,,,,,0
298,Campfire Crassula,Crassula capitella 'Campfire',,,,,,,,0
299,Catmint,Nepeta x faassenii,,,,,,,,0
300,Catmint 'Cat's Pajamas',Nepeta hybrid,,,,,,,,0
301,Catmint 'Walker's Low',Nepeta racemosa 'Walker's Low',,,,,,,,0
302,Cheyenne Spirit Coneflower,Echinacea hybrida 'Cheyenne Spirit',,,,,,,,0
303,Chocolate Cosmos,Cosmos atrosanguineus,,,,,,,,0
304,Cigar Plant,Cuphea ignea,,,,,,,,0
305,Citronella Geranium,Pelargonium citrosum,,,,,,,,0
306,Cleveland Sage,Salvia clevelandii,,,,,,,,0
307,Clivia Lily,Clivia Hybrid,,,,,,,,0
308,Coneflower,Echinacea purpurea,,,,,,,,0
309,Coreopsis,Coreopsis Assorted,,,,,,,,0
310,Coreopsis 'Early Sunrise',Coreopsis grandiflora 'Early Sunrise',,,,,,,,0
311,Coreopsis 'Moonbeam',Coreopsis verticillata 'Moonbeam',,,,,,,,0
312,Coreopsis 'Nana',Coreopsis auriculata 'Nana',,,,,,,,0
313,Cotyledon 'White Sprite',Cotyledon 'White Sprite',,,,,,,,0
314,Cranesbill 'Bishops Form',Erodium variabile 'Bishops Form',,,,,,,,0
315,Cranesbill 'Rozanne',Geranium x 'Rozanne',,,,,,,,0
316,Crassula 'Calico Kitten',Crassula marginalis rubra,,,,,,,,0
317,Crassula ovata 'Gollum',Crassula ovata 'Gollum',,,,,,,,0
318,Crassula ovata 'Hobbit',Crassula ovata 'Hobbit',,,,,,,,0
319,Crassula ovata 'Minor',Crassula ovata 'Minor',,,,,,,,0
320,Crassula ovata 'Variegated',Crassula ovata 'Variegated',,,,,,,,0
321,Crassula 'Princess Pine',Crassula 'Princess Pine',,,,,,,,0
322,Creeping Thyme 'Pink',Thymus praecox arcticus 'Pink',,,,,,,,0
323,Creeping Thyme 'Red',Thymus praecox-arcticus 'Red',,,,,,,,0
324,Creeping Wire Vine,Muehlenbeckia axillaris,,,,,,,,0
325,Creeping Zinnia,Sanvitalia procumbens 'Sunbini',,,,,,,,0
326,Crocosmia,,,,,,,,,0
327,False Heather,Cuphea hyssopifolia,,,,,,,,0
328,Curly Rush,Juncus effusus 'Spiralis',,,,,,,,0
329,Dahlia,,,,,,,,,0
330,Dahlia 'Mystic' Series,,,,,,,,,0
331,Dahlia 'XXL Series',,,,,,,,,0
332,Color Bowl,Color Bowl Assorted,,,,,,,,0
333,Dead Nettle,Lamium maculatum,,,,,,,,0
334,Delphinium,Delphinium Assorted,,,,,,,,0
335,Diamond Frost&#174; Euphorbia,Euphorbia hybrid,,,,,,,,0
336,Dianthus,Dianthus Assorted,,,,,,,,0
337,Diascia,,,,,,,,,0
338,Dichondra,Dichondra argentea 'Silver Falls',,,,,,,,0
339,Digiplexis&#174; 'Illumination Series',,,,,,,,,0
340,Dinnerplate Dahlia,,,,,,,,,0
341,Dusty Miller 'Silver Dust',Senecio cineraria,,,,,,,,0
342,Dwarf Mondo Grass,Ophiopogon japonicus 'Nana',,,,,,,,0
343,Silver Carpet,Dymondia margaretae,,,,,,,,0
344,Echeveria 'Afterglow',,,,,,,,,0
345,Echeveria,,,,,,,,,0
346,Echeveria 'Black Prince',Echeveria 'Black Prince',,,,,,,,0
347,Echeveria,Echeveria 'Blue Bird',,,,,,,,0
348,Echeveria 'Blue Prince',Echeveria 'Blue Prince',,,,,,,,0
349,Echeveria,,,,,,,,,0
350,Echeveria 'Frosty',,,,,,,,,0
351,Echeveria 'Multicaulis',,,,,,,,,0
352,Echeveria nodulosa,Echeveria nodulosa,,,,,,,,0
353,Echeveria,,,,,,,,,0
354,Echeveria,,,,,,,,,0
355,Echeveria,Echeveria 'Perle Von Nurnberg',,,,,,,,0
356,Echeveria 'Pulidonis',,,,,,,,,0
357,Echeveria,Echeveria agavoides 'Red Tip',,,,,,,,0
358,Echeveria 'Topsy Turvy',Echeveria 'Topsy Turvy',,,,,,,,0
359,Echibeckia&#8482; Summerina&#174;,,,,,,,,,0
360,Elephant Bush,Portulacaria afra,,,,,,,,0
361,Thyme 'Elfin',Thymus serpyllum,,,,,,,,0
362,Enduro&#8482; Verbena,Enduro&#8482; Verbena Series,,,,,,,,0
363,Ivy 'English',Hedera helix,,,,,,,,0
364,Euphorbia,Euphorbia x martinii 'Ascot Rainbow',,,,,,,,0
365,Euphorbia,Euphorbia hypericifolia,,,,,,,,0
366,Euphorbia 'Sticks on Fire',Euphorbia tirucalli 'Sticks on Fire',,,,,,,,0
367,Euryops Daisy,Euryops pectinatus,,,,,,,,0
368,Evolvulus,Evolvulus 'Beach Bum Blue',,,,,,,,0
369,Fan Flower,,,,,,,,,0
370,Feather Reed Grass 'Karl Foerster',Calamagrostis x 'Karl Foerster',,,,,,,,0
371,Fescue 'Buddy Blue',Festuca glauca 'Buddy Blue',,,,,,,,0
372,Fescue 'Elijah Blue',Festuca glauca 'Elijah Blue',,,,,,,,0
373,Fiber Optic Grass,Scirpus cernuus,,,,,,,,0
374,Firehouse&#8482; Verbena,Firehouse&#8482; Verbena Series,,,,,,,,0
375,Flapjack 'Desert Rose',Kalanchoe luciae (K. thyrsiflora) 'Desert Rose',,,,,,,,0
376,Flowering Kalanchoe,Kalanchoe blossfeldiana,,,,,,,,0
377,Foothill Penstemon 'Margarita BOP',Penstemon heterophyllus 'Margarita BOP',,,,,,,,0
378,Fountain Grass 'Fireworks',Pennisetum setaceum 'Fireworks',,,,,,,,0
379,Freesia,,,,,,,,,0
380,French Lavender,Lavandula dentata,,,,,,,,0
381,Fuchsia,Fuchsia magellanica,,,,,,,,0
382,Fuchsia Hanging Basket,Fuchsia magellanica,,,,,,,,0
383,Garden Penstemon,Penstemon x gloxinioides,,,,,,,,0
384,Garvinea&#174; Gerbera Daisy,Gerbera jamesonii 'Garvinea Series',,,,,,,,0
385,Gaura,Gaura lindheimeri,,,,,,,,0
386,Gaura 'Belleza',Gaura lindheimeri 'Belleza',,,,,,,,0
387,Gazania,,,,,,,,,0
388,Geranium,Pelargonium hortorum 'Vancouver Centennial',,,,,,,,0
389,Gerbera Daisy,Gerbera jamesonii,,,,,,,,0
390,Germander 'Summer Sunshine',Teucrium chamaedrys 'Summer Sunshine',,,,,,,,0
391,Gloriosa Daisy,,,,,,,,,0
392,Golden Moneywort,Lysimachia nummularia 'Aurea',,,,,,,,0
393,Grafted Moon Cactus,Gymnocalycium mihanovichii,,,,,,,,0
394,Graptosedum,Graptosedum 'Vera Higgins',,,,,,,,0
395,Green Carpet,Herniaria glabra,,,,,,,,0
396,Green Moneywort,Lysimachia nummularia,,,,,,,,0
397,Green Santolina,Santolina virens,,,,,,,,0
398,Ground Ivy,Glechoma hederacea,,,,,,,,0
399,Northern Lights Tufted Hair Grass,Deschampsia 'Northern Lights',,,,,,,,0
400,Hanging Basket 12,Hanging Basket Assorted,,,,,,,,0
401,Havana&#8482; Lantana,,,,,,,,,0
402,Haworthia,,,,,,,,,0
403,Heliotrope,,,,,,,,,0
404,Hens & Chicks,Sempervivum Assorted,,,,,,,,0
405,Coral Bells,,,,,,,,,0
406,Ivy Geranium,Pelargonium peltatum,,,,,,,,0
407,Ivy 'Hahn's',Hedera helix,,,,,,,,0
408,Japanese Blood Grass,Imperata cylindrica 'Red Baron',,,,,,,,0
409,Japanese Forest Grass 'All Gold',Hakonechloa macra 'All Gold',,,,,,,,0
410,Japanese Forest Grass 'Aureola',Hakonechloa macra 'Aureola',,,,,,,,0
411,Javelin Forte&#8482; Deep Purple Spanish Lavender,Lavandula stoechas 'Javelin Forte Deep Purple',,,,,,,,0
412,Kalanchoe 'Chocolate Soldier',Kalanchoe 'Chocolate Soldier',,,,,,,,0
413,Kalanchoe millotii,Kalanchoe millotii,,,,,,,,0
414,Kangaroo Paw,Anigozanthos Assorted,,,,,,,,0
415,Kangaroo Paw 'Pot-A-Roo',,,,,,,,,0
416,Silver Carpet Lamb's Ear,Stachys byzantina 'Silver Carpet',,,,,,,,0
417,Lamb's Ear,Stachys byzantina,,,,,,,,0
418,Lamb's Ear 'Helene Von Stein',Stachys byzantina 'Helen Von Stein',,,,,,,,0
419,Lampranthus 'Deltoides',,,,,,,,,0
420,Landmark&#8482; Lantana,,,,,,,,,0
421,Lantana,,,,,,,,,0
422,Lucky&#8482; Lantana,,,,,,,,,0
423,New Gold Lantana,Lantana x 'New Gold',,,,,,,,0
424,Lantana 'Trailing Purple',Lantana montevidensis 'Trailing Purple',,,,,,,,0
425,Lantana 'Trailing White',Lantana montevidensis 'Trailing White',,,,,,,,0
426,Lascar&#8482; Verbena,Lascar&#8482; Verbena Series,,,,,,,,0
427,Lavender 'Anouk Deep Rose',Lavandula stoechas 'Anouk Rose',,,,,,,,0
428,Lavender 'Anouk Double',Lavandula stoechas 'Anouk Double',,,,,,,,0
429,Lavender 'Blue Spear',Lavandula angustifolia 'Blue Spear',,,,,,,,0
430,Lavender Cotton,Santolina chamaecyparissus,,,,,,,,0
431,Lavender,Lavandula stoechas 'Otto Quast',,,,,,,,0
432,Lavender 'Super Blue',Lavandula angustifolia 'Super Blue',,,,,,,,0
433,Lavender 'Thumbelina Leigh',Lavandula angustifolia 'Thumbelina Leigh',,,,,,,,0
434,Lavender 'Goodwin Creek',Lavandula x 'Goodwin Creek',,,,,,,,0
435,Lavender 'Grosso',Lavandula x intermedia 'Grosso',,,,,,,,0
436,Lavender 'Hidcote',Lavandula angustifolia 'Hidcote',,,,,,,,0
437,Lavender 'Munstead',Lavandula angustifolia 'Munstead',,,,,,,,0
438,Lavender 'Provence',Lavandula x intermedia 'Provence',,,,,,,,0
439,Spanish Lavender,Lavandula stoechas,,,,,,,,0
440,Lemon Coral&#174; Sedum,Sedum mexicanum,,,,,,,,0
441,Lenten Rose,Helleborus orientalis,,,,,,,,0
442,Licorice Plant,Helichrysum petiolare,,,,,,,,0
443,Lion's Tail,Leonotis leonurus,,,,,,,,0
444,Lomandra 'Lime Tuff',Lomandra longifolia 'Lime Tuff',,,,,,,,0
445,Lupine,Lupine Assorted,,,,,,,,0
446,Lysimachia Waikiki Sunset&#8482;,Lysimachia congestiflora,,,,,,,,0
447,Marguerite Daisy,Argyranthemum frutescens,,,,,,,,0
448,Martha Washington Geranium,Pelargonium x domesticum,,,,,,,,0
449,Matilija Poppy / Fried Egg Poppy,Romneya coulteri,,,,,,,,0
450,Mazus,Mazus reptans,,,,,,,,0
451,Mexican Evening Primrose,Oenothera speciosa 'Siskiyou',,,,,,,,0
452,Mexican Petunia,Ruellia brittoniana,,,,,,,,0
453,Mezoo&#8482; Trailing Red Livingstone Daisy,Aptenia cordifolia 'Mezoo Trailing Red',,,,,,,,0
454,Mondo Grass,Ophiopogon japonicus 'Nana',,,,,,,,0
455,Moneywort,Lysimachia nummularia 'Goldilocks',,,,,,,,0
456,Monkey Flower,Mimulus Assorted,,,,,,,,0
457,Ivy 'Needlepoint',Hedera helix 'Needlepoint',,,,,,,,0
458,African Daisy,Osteospermum fruticosum,,,,,,,,0
459,Charmed&#174; Wine Shamrock,Oxalis triangularis 'Charmed Wine',,,,,,,,0
460,Pachysedum 'Ganzhou',,,,,,,,,0
461,Pachyveria 'Blue Pearl',Pachyveria 'Blue Pearl',,,,,,,,0
462,Panda Plant,Kalanchoe tomentosa 'Panda Plant',,,,,,,,0
463,Pericallis 'Senetti',,,,,,,,,0
464,Periwinkle,Vinca minor,,,,,,,,0
465,Periwinkle 'Bowles Mauve',Vinca minor 'Bowles Mauve',,,,,,,,0
466,Periwinkle 'Sterling Silver',Vinca minor 'Sterling Silver',,,,,,,,0
467,Peruvian Lily,Alstroemeria Assorted,,,,,,,,0
468,Pincushion Flower,Scabiosa Assorted,,,,,,,,0
469,Pineapple Sage 'Golden Delicious',Salvia elegans 'Golden Delicious',,,,,,,,0
470,Pink Crystal Grass,Melinus nerviglumis 'Pink Crystal',,,,,,,,0
471,Pink Muhly Grass,Muhlenbergia capillaris,,,,,,,,0
472,Plumetastic&#174 Pink Muhly Grass | Monrovia,Muhlenbergia capillaris 'Plumetastic',,,,,,,,0
473,Platt's Black Brass Buttons,Leptinella squalida 'Platt's Black',,,,,,,,0
474,Poppy-Flowered Anemone,Anemone coronaria,,,,,,,,0
475,PowWow&#174; White Coneflower,Echinacea purpurea 'PowWow White',,,,,,,,0
476,PowWow&#174; Wild Berry Coneflower,Echinacea purpurea 'PowWow Wild Berry',,,,,,,,0
477,Purple Heart,Tradescantia pallida,,,,,,,,0
478,Rain Lily,,,,,,,,,0
479,Red Echeveria,Echeveria harmsii,,,,,,,,0
480,Red Fountain Grass,Pennisetum setaceum 'Rubrum',,,,,,,,0
481,Red Hot Poker 'Flamenco',Kniphofia uvaria,,,,,,,,0
482,Red Hot Poker 'Popsicle',Kniphofia uvaria,,,,,,,,0
483,Rieger Begonia,,,,,,,,,0
484,Rock Purslane,Calandrinia spectabilis,,,,,,,,0
485,Rush 'Elk Blue',Juncus patens 'Elk Blue',,,,,,,,0
486,Russian Sage,Perovskia atriplicifolia,,,,,,,,0
487,Russian Sage 'Blue Spire',Perovskia atriplicifolia 'Blue Spire',,,,,,,,0
488,Russian Sage 'Little Spire',Perovskia atriplicifolia 'Little Spire',,,,,,,,0
489,Sage,Salvia microphylla 'Hot Lips',,,,,,,,0
490,Sage 'Mirage',Salvia greggii 'Mirage',,,,,,,,0
491,Sage 'Mystic Spires Blue',Salvia 'Mystic Spires Blue',,,,,,,,0
492,Sage,,,,,,,,,0
493,Salvia 'Black and Blue',Salvia guaranitica 'Black & Blue',,,,,,,,0
494,Salvia,Salvia 'Celestial Blue',,,,,,,,0
495,Salvia 'Marvel',Salvia 'Celestial Blue',,,,,,,,0
496,Salvia 'Patio Sky Blue',Salvia patens 'Patio Sky Blue',,,,,,,,0
497,Santa Barbara Daisy,Erigeron karvinskianus,,,,,,,,0
498,Saxifrage,Saxifraga Assorted,,,,,,,,0
499,Sea Lavender,Limonium perezii,,,,,,,,0
500,Sea Thrift 'Alliacea',Armeria alliacea,,,,,,,,0
501,Sea Thrift Pink,Armeria maritima,,,,,,,,0
502,Sedge 'Evergold',Carex oshimensis 'Evergold',,,,,,,,0
503,Sedge 'Everillo',Carex oshimensis 'Everillo',,,,,,,,0
504,Sedge 'Feather Falls',Carex oshimensis 'Feather Falls',,,,,,,,0
505,Atlantis&#174; Sedum,Sedum takesimense 'Atlantis' PP#27454,,,,,,,,0
506,Sedum 'Autumn Fire',Sedum spectabile 'Autumn Fire',,,,,,,,0
507,Sempervivum 'Appletini',,,,,,,,,0
508,Sempervivum 'Chocolate Kiss',Sempervivum 'Chocolate Kiss',,,,,,,,0
509,Cobweb Hens & Chicks,Sempervivum arachnoideum,,,,,,,,0
510,Sempervivum 'Silver King',Sempervivum 'Silver King',,,,,,,,0
511,Sempervivum 'Strawberry Kiwi',Sempervivum 'Strawberry Kiwi',,,,,,,,0
512,Sempervivum ??Sunset??,,,,,,,,,0
513,Senecio,Senecio serpens,,,,,,,,0
514,Senecio ??Spear Head??,Senecio kleiniiformis ??Spear Head??,,,,,,,,0
515,Shasta Daisy,Leucanthemum x superbum,,,,,,,,0
516,Skyscraper&#8482; Salvia,Skyscraper&#8482; Salvia Series,,,,,,,,0
517,Skyscraper&#8482; Senecio,Senecio ficoides 'Mount Everest',,,,,,,,0
518,Snake Flower,Bulbine frutescens,,,,,,,,0
519,Snow In Summer,Cerastium tomentosum,,,,,,,,0
520,Solomon's Seal,Polygonatum odoratum,,,,,,,,0
521,Sombrero&#174; Adobe Orange Coneflower,Echinacea x Balsomador,,,,,,,,0
522,Sombrero&#174; Hot Coral Coneflower,Echinacea x Balsomador,,,,,,,,0
523,Sombrero&#174; Lemon Yellow Coneflower,Echinacea x Balsomador,,,,,,,,0
524,Sombrero&#174; Sangrita Coneflower,Echinacea x Balsomador,,,,,,,,0
525,Spanish Lavender 'Dedication',Lavandula stoechas 'Dedication',,,,,,,,0
526,Spanish Lavender Patio Tree,Lavandula stoechas,,,,,,,,0
527,Spanish Lavender 'Silver Anouk',Lavandula stoechas 'Silver Anouk',,,,,,,,0
528,Veronica 'Georgia Blue',Veronica umbrosa 'Georgia Blue',,,,,,,,0
529,St. John's Wort,Hypericum calycinum,,,,,,,,0
530,Stonecrop,Sedum reflexum,,,,,,,,0
531,Stonecrop,,,,,,,,,0
532,Stonecrop,,,,,,,,,0
533,Stonecrop 'Cape Blanco',Sedum 'Cape Blanco',,,,,,,,0
534,Stonecrop,Sedum nussbaumerianum 'Coppetone',,,,,,,,0
535,Stonecrop,Sedum spurium 'Dragon's Blood',,,,,,,,0
536,Stonecrop 'Firestorm',Sedum adolphii 'Firestorm',,,,,,,,0
537,Stonecrop 'Oracle',Sedum forsterianum 'Oracle',,,,,,,,0
538,Stonecrop,Sedum 'John Creech',,,,,,,,0
539,Variegated Carpet Stonecrop,Sedum lineare 'Variegatum',,,,,,,,0
540,Variegated Japanese Stonecrop,Sedum makinoi 'Variegatum',,,,,,,,0
541,Stonecrop,Sedum morganianum 'Donkey Tail',,,,,,,,0
542,Stonecrop pachyclados,Sedum pachyclados,,,,,,,,0
543,Stonecrop pachyphyllum,Sedum pachyphyllum,,,,,,,,0
544,Stonecrop,Sedum rubrotinctum,,,,,,,,0
545,Stonecrop 'Sea Urchin',Sedum 'Sea Urchin',,,,,,,,0
546,Stonecrop,,,,,,,,,0
547,Strawberry 'Albion',,,,,,,,,0
548,Strawberry 'Quinault',,,,,,,,,0
549,String of Bananas,Senecio rowleyanus,,,,,,,,0
550,String of Pearls,Senecio rowleyanus,,,,,,,,0
551,String of Dolphins,Senecio rowleyanus,,,,,,,,0
552,Sun Drops,,,,,,,,,0
553,Sunrose,Helianthemum nummularium,,,,,,,,0
554,Sunsparkler&#174; Cherry Tart Sedum,"Sedum hybrid 'Cherry Tart' PP#24,603",,,,,,,,0
555,Sunsparkler&#174; Lime Zinger Sedum,Sedum hybrid 'Lime Zinger',,,,,,,,0
556,Superbells&#174; Series Calibrachoa,Grown by Matsuda's,,,,,,,,0
557,Superbena&#174; Series Verbena,Grown by Matsuda's,,,,,,,,0
558,Sweet Caroline Sweetheart Shadowstorm&#174;,Ipomoea batatas,,,,,,,,0
559,Sweet Potato Vine,Ipomoea batatas,,,,,,,,0
560,Sweet Woodruff,Galium odoratum,,,,,,,,0
561,Tall Verbena ??Meteor Shower??,Verbena bonariensis 'Meteor Shower',,,,,,,,0
562,Tapien&#174; Verbena,Tapien&#174; Verbena Series,,,,,,,,0
563,Woolly Thyme,Thymus pseudolanuginosus,,,,,,,,0
564,Trailing Phlox,Phlox subulata,,,,,,,,0
565,Variegated Elephant Bush,Portulacaria afra 'Variegata',,,,,,,,0
566,Variegated Ground Ivy,Glechoma hederacea,,,,,,,,0
567,Aztec&#174; Verbena,Aztec&#174; Verbena Series,,,,,,,,0
568,Verbena 'Homestead',Verbena candensis 'Homestead',,,,,,,,0
569,Wallflower,Erysimum x 'Bowles Mauve',,,,,,,,0
570,Hanging Basket 10,Hanging Basket Assorted,,,,,,,,0
571,White Star Creeper,Isotoma fluviatilis 'White Star',,,,,,,,0
572,Woodland Sage,Salvia nemorosa,,,,,,,,0
573,Yarrow,Achillea Assorted,,,,,,,,0
574,Yarrow 'Little Moonshine',Achillea 'Little Moonshine',,,,,,,,0
575,Yarrow 'New Vintage Violet',Achillea 'New Vintage Violet',,,,,,,,0
576,Yarrow 'New Vintage White',Achillea 'New Vintage White',,,,,,,,0
577,Yarrow 'Moonshine',Achillea 'Moonshine',,,,,,,,0
578,Zonal Geranium,Pelargonium hortorum,,,,,,,,0
579,All American Magic&#8482; Rose,"Rosa, Hybrid Tea 'All American Magic'",,,,,,,,0
580,Black Baccara&#8482; Rose,"Rosa, Hybrid Tea 'Black Baccara'",,,,,,,,0
581,Bolero&#8482; Rose,,,,,,,,,0
582,Bridal Sunblaze&#174; Miniature Rose,"Rosa, Miniature 'Bridal Sunblaze'",,,,,,,,0
583,Burst of Joy&#174; Rose,"Rosa, Floribunda 'Burst of Joy'",,,,,,,,0
584,Climbing Rose 'Don Juan',"Rosa, Climbing 'Don Juan'",,,,,,,,0
585,Eden&#174; Climbing Rose,,,,,,,,,0
586,Climbing Rose 'Iceberg',,,,,,,,,0
587,Climbing Rose 'Joseph's Coat',"Rosa, Climbing 'Joseph's Coat'",,,,,,,,0
588,Lady in Red&#8482; Climbing Rose,"Rosa, Climbing 'Lady in Red'",,,,,,,,0
589,Pretty in Pink Eden&#174; Climbing Rose,"Rosa, Climbing 'Pink Eden'",,,,,,,,0
590,Climbing Rose 'Royal Gold',"Rosa, Climbing 'Royal Gold'",,,,,,,,0
591,Climbing Rose 'Sally Holmes',"Rosa, Climbing 'Sally Holmes'",,,,,,,,0
592,Dark Night&#8482; Rose,"Rosa, Hybrid Tea 'Dark Night'",,,,,,,,0
593,Earth Angel&#8482; Rose,"Rosa, Hybrid Tea 'Earth Angel'",,,,,,,,0
594,Enchanted Peace&#8482; Rose,"Rosa, Hybrid Tea 'Enchanted Peace'",,,,,,,,0
595,Flower Carpet&#174; Amber Rose,Rosa x 'Flower Carpet Amber',,,,,,,,0
596,Landscape Rose 'Blush',Rosa x 'Landscape Blush',,,,,,,,0
597,Landscape Rose 'Coral',Rosa x 'Landscape Coral',,,,,,,,0
598,Flower Carpet&#174; Pink Splash Rose,Rosa x 'Flower Carpet Pink Splash',,,,,,,,0
599,Flower Carpet&#174; Pink Supreme Rose,Rosa x 'Flower Carpet Pink Supreme',,,,,,,,0
600,Landscape Rose 'Red',Rosa x 'Landscape Red',,,,,,,,0
601,Flower Carpet&#174; Scarlet Rose,Rosa x 'Flower Carpet Scarlet',,,,,,,,0
602,Landscape Rose 'White',Rosa x 'Landscape White',,,,,,,,0
603,Flower Carpet&#174; Yellow Rose,Rosa x 'Flower Carpet Yellow',,,,,,,,0
604,George Burns&#8482; Rose,"Rosa, Floribunda 'George Burns'",,,,,,,,0
605,Rose 'Iceberg',,,,,,,,,0
606,Mango Veranda&#174; Rose,"Rose, Floribunda 'Mango Veranda'",,,,,,,,0
607,Memorial Day&#8482; Rose,"Rosa, Hybrid Tea 'Memorial Day'",,,,,,,,0
608,All a' Twitter&#8482; Miniature Rose,"Rosa, Miniature 'All a'Twitter'",,,,,,,,0
609,Be My Baby&#8482; Miniature Rose,"Rosa, Miniature 'Be My Baby'",,,,,,,,0
610,Miniature Rose 'Lemon Drop',"Rose, Miniature 'Lemon Drop'",,,,,,,,0
611,Miniature Rose 'Rainbow's End',"Rosa, Miniature 'Rainbow's End'",,,,,,,,0
612,Ruby Ruby&#8482; Miniature Rose,"Rosa, Miniature 'Ruby Ruby'",,,,,,,,0
613,Oso Easy&#174; Double Pink&#174; Rose,"Rosa, 'Oso Easy Double Pink'",,,,,,,,0
614,Oso Easy&#174; Double Red&#174; Rose,Rosa 'Oso Easy Double Red',,,,,,,,0
615,Oso Easy&#174; Italian Ice&#174; Rose,Rosa 'Oso Easy Italian Ice',,,,,,,,0
616,Oso Easy&#174; Lemon Zest&#174; Rose,Rosa 'Oso Easy Italian Ice',,,,,,,,0
617,Oso Easy&#174; Paprika&#174; Rose,Rosa 'Oso Easy Paprika',,,,,,,,0
618,Oso Easy&#174; Urban Legend&#174; Rose,Rosa 'Oso Easy Urban Legend',,,,,,,,0
619,Perfume Factory&#8482; Rose,"Rosa, Hybrid Tea 'Perfume Factory'",,,,,,,,0
620,Queen Mary 2&#8482; Rose,"Rosa, Hybrid Tea 'Queen Mary 2'",,,,,,,,0
621,Queen Mary 2&#8482; Rose Bareroot,"Rosa, Hybrid Tea 'Queen Mary 2'",,,,,,,,0
622,Quicksilver&#8482; Arborose&#174; Climbing Rose,"Rosa, Climbing 'Quicksilver Arborose'",,,,,,,,0
623,All Dressed Up&#8482; Rose,"Rosa, Grandiflora 'All Dressed Up'",,,,,,,,0
624,Rose 'Barbra Streisand',"Rosa, Hybrid Tea 'Barbra Streisand'",,,,,,,,0
625,Rose 'Blue Girl',"Rosa, Hybrid Tea 'Blue Girl'",,,,,,,,0
626,Rose 'Brandy',"Rosa, Hybrid Tea 'Brandy'",,,,,,,,0
627,Chihuly&#174; Rose,,,,,,,,,0
628,Rose 'Chris Evert',"Rosa, Hybrid Tea 'Chris Evert'",,,,,,,,0
629,Rose 'Chrysler Imperial',"Rosa, Hybrid Tea 'Chrysler Imperial'",,,,,,,,0
630,Rose 'Double Delight',"Rosa, Hybrid Tea 'Double Delight'",,,,,,,,0
631,Easy Spirit&#8482; Rose,"Rosa, Floribunda 'Easy Spirit'",,,,,,,,0
632,Ebb Tide&#8482; Rose,"Rosa, Floribunda 'Ebb Tide'",,,,,,,,0
633,Rose 'Fragrant Cloud',"Rosa, Hybrid Tea 'Fragrant Cloud'",,,,,,,,0
634,Rose 'Fragrant Plum',"Rosa, grandiflora ??Fragrant Plum??",,,,,,,,0
635,Rose 'Full Sail',"Rosa, Hybrid Tea 'Full Sail'",,,,,,,,0
636,Rose 'Gingersnap',,,,,,,,,0
637,Good as Gold&#8482; Rose,"Rosa, Hybrid Tea 'Good as Gold'",,,,,,,,0
638,Rose 'Heirloom',"Rosa, Hybrid Tea 'Heirloom'",,,,,,,,0
639,Rose 'Henry Fonda',"Rosa, Hybrid Tea 'Henry Fonda'",,,,,,,,0
640,Rose 'Ingrid Bergman',"Rosa, Hybrid Tea 'Ingrid Bergman'",,,,,,,,0
641,Rose 'Judy Garland',"Rosa, Floribunda 'Judy Garland'",,,,,,,,0
642,Rose 'Julia Child',"Rosa, Floribunda 'Julia Child'",,,,,,,,0
643,Rose 'Just Joey',"Rosa, Hybrid Tea 'Just Joey'",,,,,,,,0
644,Ketchup & Mustard&#8482; Rose,,,,,,,,,0
645,Legends&#8482; Rose,"Rosa, Hybrid Tea, 'Legends'",,,,,,,,0
646,Rose 'Martha Stewart',"Rosa, Hybrid Tea 'Martha Stewart'",,,,,,,,0
647,Rose 'Mister Lincoln',"Rosa, Hybrid Tea 'Mr. Lincoln'",,,,,,,,0
648,Rose 'Neil Diamond',"Rosa, Hybrid Tea 'Neil Diamond'",,,,,,,,0
649,Rose 'Oklahoma',"Rosa, Hybrid Tea 'Oklahoma'",,,,,,,,0
650,Rose 'Peace',"Rosa, Hybrid Tea 'Peace'",,,,,,,,0
651,Rose 'Perfect Moment',"Rosa, Hybrid Tea 'Perfect Moment'",,,,,,,,0
652,Rose 'Perfume Delight',"Rosa, Hybrid Tea 'Perfume Delight'",,,,,,,,0
653,Rose 'Pink Peace',"Rosa, Hybrid Tea 'Pink Peace'",,,,,,,,0
654,Princess Charlene de Monaco&#174; Rose,"Rosa, Hybrid Tea 'Princess Charlene de Monaco'",,,,,,,,0
655,Rose 'Queen Elizabeth',"Rosa, Grandiflora 'Queen Elizabeth'",,,,,,,,0
656,Rose 'Rio Samba',"Rosa, Hybrid Tea 'Rio Samba'",,,,,,,,0
657,Rose 'Sheila's Perfume',"Rosa, Floribunda 'Sheila's Perfume'",,,,,,,,0
658,Rose 'Sterling Silver',"Rosa, Hybrid Tea 'Sterling Silver'",,,,,,,,0
659,Strike it Rich&#174; Rose,"Rosa, Grandiflora 'Strike it Rich'",,,,,,,,0
660,Sugar Moon&#8482; Rose,"Rosa, Hybrid Tea 'Sugar Moon'",,,,,,,,0
661,Rose 'Sunsprite',,,,,,,,,0
662,Rose 'Sweet Mademoiselle',"Rosa, Hybrid Tea 'Sweet Mademoiselle'",,,,,,,,0
663,Stainless Steel&#8482; Rose,"Rosa, Hybrid Tea 'Stainless Steel'",,,,,,,,0
664,Stiletto&#8482; Rose,"Rose, Hybrid Tea 'Stiletto'",,,,,,,,0
665,Sunbelt&#174; South Africa&#174; Rose,"Rosa, Floribunda 'Sunbelt South Africa'",,,,,,,,0
666,Vavoom&#8482; Rose,,,,,,,,,0
667,Abelia 'Kaleidoscope',Abelia x grandiflora 'Kaleidoscope',,,,,,,,0
668,Acacia,Acacia cognata 'Cousin Itt',,,,,,,,0
669,African Iris,Dietes iridioides,,,,,,,,0
670,Lily of the Nile 'Peter Pan',Agapanthus x 'Peter Pan',,,,,,,,0
671,Agave 'Blue Flame',Agave 'Blue Flame',,,,,,,,0
672,Agave 'Blue Glow',Agave 'Blue Glow',,,,,,,,0
673,Agave 'Blue Glow' | Monrovia,Agave Assorted,,,,,,,,0
674,Arabian Jasmine,Jasminum sambac,,,,,,,,0
675,Arabian Jasmine 'Summer Soul' | Monrovia,Jasminum sambac 'Summer Soul',,,,,,,,0
676,Foxtail Asparagus Fern,Asparagus densiflorus 'Meyeri',,,,,,,,0
677,Australian Tree Fern,Cyathea cooperi,,,,,,,,0
678,Autumn Fern,Dryopteris erythrosora,,,,,,,,0
679,Azalea 'Alaska',Azalea rutherfordiana 'Alaska',,,,,,,,0
680,Azalea 'Cherry Drops',Azalea x 'Cherry Drops',,,,,,,,0
681,Azalea 'Coral Bells',Azalea kurume 'Coral Bells',,,,,,,,0
682,Azalea 'Green Glow',Azalea 'Green Glow',,,,,,,,0
683,Azalea 'Gumpo Pink',Azalea satsuki 'Gumpo Pink',,,,,,,,0
684,Azalea 'Gumpo White',Azalea satsuki 'Gumpo White',,,,,,,,0
685,Azalea 'Happy Days',Azalea indica 'Happy Days',,,,,,,,0
686,Azalea 'Haru No Hibiki',Azalea 'Haru No Hibiki',,,,,,,,0
687,Azalea 'Hino Crimson',Azalea kurume 'Hino Crimson',,,,,,,,0
688,Azalea 'Girard's Hot Shot',Azalea 'Girard's Hot Shot',,,,,,,,0
689,Azalea 'Memoir John Hearrens',Azalea b.i. 'Memoir John Hearrens',,,,,,,,0
690,Azalea 'Orange Delight',Azalea 'Orange Delight',,,,,,,,0
691,Azalea 'Phoenicia/Formosa',"Azalea s.i. 'Phoenicia', 'Formosa'",,,,,,,,0
692,Azalea 'Pink Lace',Azalea s.i. 'White Lace',,,,,,,,0
693,Azalea 'Pride of Dorking',Azalea s.i. 'Pride of Dorking',,,,,,,,0
694,Azalea 'Red Bird',Azalea b.i. 'Red Bird',,,,,,,,0
695,Azalea 'Sherwood Orchid',Azalea kurume 'Sherwood Orchid',,,,,,,,0
696,Azalea 'Sherwood Pink',Azalea kurume 'Sherwood Pink',,,,,,,,0
697,Azalea 'Ward's Ruby',Azalea kurume 'Ward's Ruby',,,,,,,,0
698,Azalea 'White Lace',Azalea s.i. 'White Lace',,,,,,,,0
699,Bamboo 'Alphonse Karr',Bambusa multiplex 'Alphonse Karr',,,,,,,,0
700,Bamboo 'Golden Goddess',Bambusa multiplex 'Golden Goddess',,,,,,,,0
701,Barberry 'Admiration',Berberis thunbergii 'Admiration',,,,,,,,0
702,Barberry 'Crimson Pygmy',Berberis thunbergii 'Crimson Pygmy',,,,,,,,0
703,Golden Ruby&#174; Barberry | Monrovia,Berberis thunbergii 'Goruzam',,,,,,,,0
704,Barberry 'Orange Rocket',Berberis thunbergii 'Orange Rocket',,,,,,,,0
705,Barberry 'Rose Glow',Berberis thunbergii 'Rose Glow',,,,,,,,0
706,Beach Ball? Black Stem Pittosporum,Pittosporum tenuifolium 'Beach Ball',,,,,,,,0
707,Bells of Fire&#8482; Tecoma,Tecoma stans 'Bells of Fire',,,,,,,,0
708,Big Leaf Philodendron,Philodendron selloum,,,,,,,,0
709,Bird of Paradise,Strelitzia reginae,,,,,,,,0
710,Black Bamboo,Phyllostachys nigra,,,,,,,,0
711,Black Stem Pittosporum,Pittosporum tenuifolium,,,,,,,,0
712,Black Stem Pittosporum 'Elfin',Pittosporum tenuifolium 'Elfin',,,,,,,,0
713,Black Stem Pittosporum 'Golf Ball' | Monrovia,Pittosporum tenuifolium 'Golf Ball',,,,,,,,0
714,Irish Fortune&#8482; Black Stem Pittosporum,Pittosporum tenuifolium 'Irish Fortune',,,,,,,,0
715,Black Stem Pittosporum 'Marjorie Channon',Pittosporum tenuifolium 'Marjorie Channon',,,,,,,,0
716,"Blackberry Assorted 4"" Sleeve",Dave Wilson Nursery&#174;,,,,,,,,0
717,Baby Cakes&#174; Blackberry | Monrovia,Rubus x 'Baby Cakes',,,,,,,,0
718,Bloomerang&#174; Dark Purple Reblooming Lilac,Syringa x 'Bloomerang Dark Purple',,,,,,,,0
719,Blue Enchantress&#174; Hydrangea | Monrovia,Hydrangea macrophylla 'Monmar',,,,,,,,0
720,"Blueberry Assorted 4"" Sleeve",Dave Wilson Nursery&#174;,,,,,,,,0
721,Bountiful Blue&#174; Blueberry | Monrovia,Vaccinium corymbosum 'Bountiful Blue',,,,,,,,0
722,Blueberry 'Jubilee',Vaccinium corymbosum 'Jubilee',,,,,,,,0
723,Blueberry 'Misty',Vaccinium corymbosum 'Misty',,,,,,,,0
724,Blueberry 'O'Neal',Vaccinium corymbosum 'O'Neal',,,,,,,,0
725,Blueberry 'Sharpblue',Vaccinium corymbosum 'Sharpblue',,,,,,,,0
726,Blueberry 'Southmoon',Vaccinium corymbosum 'Southmoon',,,,,,,,0
727,Blueberry 'Spartan',Vaccinium corymbosum 'Spartan',,,,,,,,0
728,Blueberry 'Sunshine Blue',Vaccinium corymbosum 'Sunshine Blue',,,,,,,,0
729,Bottlebrush 'Little John',Callistemon citrinus 'Little John',,,,,,,,0
730,Boxleaf Euonymus,Euonymus japonicus 'Microphyllus',,,,,,,,0
731,Boxwood 'Green Mountain' Cone Topiary,Buxus x 'Green Mountain',,,,,,,,0
732,Boxwood 'Green Mountain' Spiral Topiary,Buxus x 'Green Mountain',,,,,,,,0
733,"Boysenberry Assorted 4"" Sleeve",Dave Wilson Nursery&#174;,,,,,,,,0
734,Breath Of Heaven,Coleonema pulchellum,,,,,,,,0
735,Bush Anemone 'Elizabeth',Carpenteria californica 'Elizabeth',,,,,,,,0
736,Bush Morning Glory,Convolvulus cneorum,,,,,,,,0
737,Butterfly Bush Buzz&#8482; Lavender,Buddleja davidii 'Buzz Lavender',,,,,,,,0
738,Butterfly Bush Buzz&#8482; Magenta,Buddleja davidii 'Buzz Magenta',,,,,,,,0
739,Butterfly Bush Buzz&#8482; Midnight,Buddleja davidii 'Buzz Midnight',,,,,,,,0
740,Butterfly Bush Buzz&#8482; Sky Blue,Buddleja davidii 'Buzz Sky Blue',,,,,,,,0
741,Butterfly Bush Buzz&#8482; Velvet,Buddleja davidii 'Buzz Vevlet',,,,,,,,0
742,Butterfly Bush,Buddleja 'Miss Molly',,,,,,,,0
743,Butterfly Bush,Buddleja 'Miss Ruby',,,,,,,,0
744,Butterfly Candy&#174; Li,Buddleja 'Li'l Coconut',,,,,,,,0
745,Butterfly Candy&#174; Li,Buddleja 'Li'l Grape',,,,,,,,0
746,Butterfly Candy&#174; Li,Buddleja 'Li'l Lavender',,,,,,,,0
747,Butterfly Candy&#174; Li,Buddleja 'Li'l Lavender',,,,,,,,0
748,Butterfly Candy&#174; Li,Buddleja 'Li'l Lavender',,,,,,,,0
749,Japanese Boxwood 'Green Beauty',Buxus microphylla japonica 'Green Beauty',,,,,,,,0
750,Japanese Boxwood 'Winter Gem',Buxus microphylla japonica 'Winter Gem',,,,,,,,0
751,Camellia j. 'Bob Hope' | Matsuda's,Camellia japonica 'Bob Hope',,,,,,,,0
752,Camellia j. 'Chandleri Elegans' | Matsuda's,Camellia japonica 'Chandleri Elegans',,,,,,,,0
753,Camellia j. 'Debutante',Camellia japonica 'Debutante',,,,,,,,0
754,Camellia j. 'Shiro Chan' | Matsuda's,Camellia japonica 'Shiro Chan',,,,,,,,0
755,Camellia j. 'Kramer's Supreme',Camellia japonica 'Kramer's Supreme',,,,,,,,0
756,Camellia j. 'Kumasaka',Camellia japonica 'Kumasaka',,,,,,,,0
757,Camellia j. 'Mrs. Charles Cobb' | Matsuda's,Camellia japonica 'Mrs. Charles Cobb',,,,,,,,0
758,Camellia j. 'Nuccio's Bella Rossa' | Monrovia,Camellia japonica 'Nuccios Bella Rossa',,,,,,,,0
759,Camellia j. 'Nuccio's Pearl' | Monrovia,Camellia japonica 'Nuccio's Pearl',,,,,,,,0
760,Camellia s. 'Bonanza' | Monrovia,Camellia sasanqua 'Bonanza',,,,,,,,0
761,Camellia s.,Camellia sasanqua 'Yuletide',,,,,,,,0
762,Camellia s. 'Setsugekka' | Monrovia,Camellia sasanqua 'Setsugekka',,,,,,,,0
763,Camellia s. 'Showa-No-Sakae' | Monrovia,Camellia sasanqua 'Showa-No-Sakae',,,,,,,,0
764,Camellia s. 'Kanjiro' | Monrovia,Camellia sasanqua 'Kanjiro',,,,,,,,0
765,Pink-A-Boo?? Camellia | Monrovia,Camellia sasanqua 'Pink-A-Boo',,,,,,,,0
766,Camellia s. 'Yuletide' | Monrovia,Camellia sasanqua 'Yuletide' [M],,,,,,,,0
767,Camellia 'Shishi Gashira' | Matsuda's,Camellia hiemalis 'Shishi Gashira',,,,,,,,0
768,Camellia 'Shishi Gashira' | Monrovia,Camellia hiemalis 'Shishi Gashira',,,,,,,,0
769,Camellia j. 'Swan Lake' | Monrovia,Camellia japonica 'Swan Lake',,,,,,,,0
770,Camellia j. 'Tom Knudsen',Camellia japonica 'Tom Knudsen',,,,,,,,0
771,Camellia s. 'White Doves',Camellia sasanqua 'White Doves',,,,,,,,0
772,Camellia s. 'Kanjiro',Camellia sasanqua 'Kanjiro',,,,,,,,0
773,Camellia s. 'Yuletide',Camellia sasanqua 'Yuletide',,,,,,,,0
774,Canby Red Raspberry | Monrovia,Rubus idaeus 'Canby Red',,,,,,,,0
775,Blue Cape Plumbago,Plumbago auriculata 'Imperial Blue',,,,,,,,0
776,Cape Rush,Chondropetalum tectorum,,,,,,,,0
777,Carolina Cherry Laurel Multi-Trunk,Prunus caroliniana,,,,,,,,0
778,Carolina Laurel Bright 'N Tight&#8482; | Monrovia,Prunus caroliniana 'Bright 'n Tight',,,,,,,,0
779,Chef's Choice&#174; Rosemary,Rosmarinus officinalis 'Chef's Choice',,,,,,,,0
780,Dwarf Carolina Cherry Laurel Multi-Trunk,Prunus caroliniana 'Compacta',,,,,,,,0
781,Coast Rosemary 'Blue Gem',Westringia fruticosa 'Blue Gem',,,,,,,,0
782,Coast Rosemary 'Wynyabbie Gem',Westringia 'Wynyabbie Gem',,,,,,,,0
783,Breath Of Heaven 'Sunset Gold',Coleonema pulchellum 'Sunset Gold',,,,,,,,0
784,Common Snowball,Viburnum opulus 'Roseum',,,,,,,,0
785,Barberry 'Concorde',Berberis thunbergii 'Concorde',,,,,,,,0
786,Coprosma 'Pacific Sunrise',Coprosma 'Pacific Sunrise',,,,,,,,0
787,Coprosma 'Pacific Sunset',Coprosma 'Pacific Sunset',,,,,,,,0
788,Coprosma 'Pina Colada',Coprosma 'Pina Colada',,,,,,,,0
789,Cordyline,Cordyline banksii 'Charlie Boy' PP20139,,,,,,,,0
790,Cordyline 'Cherry Sensation',Cordyline australis 'Cherry Sensation',,,,,,,,0
791,Cordyline 'Electric Flash',Cordyline banksii 'Electric Flash',,,,,,,,0
792,Cordyline 'Electric Pink',Cordyline banksii 'Electric Pink',,,,,,,,0
793,Cordyline 'Electric Star',Cordyline banksii 'Electric Star',,,,,,,,0
794,Cordyline 'Red Star',Cordyline australis 'Red Star',,,,,,,,0
795,Cordyline 'Torbay Dazzler',Cordyline australis 'Torbay Dazzler',,,,,,,,0
796,Cotoneaster 'Lowfast',Cotoneaster dammeri 'Lowfast',,,,,,,,0
797,Creeping Lilyturf,Liriope spicata 'Silver Dragon',,,,,,,,0
798,Daphne 'Perfume Princess',Daphne 'Perfume Princess',,,,,,,,0
799,Daphne 'Rebecca',Daphne odora 'Rebecca',,,,,,,,0
800,Daylily 'Baja',,,,,,,,,0
801,Daylily 'Cranberry Baby',Hemerocallis 'Cranberry Baby',,,,,,,,0
802,Daylily 'Judith',,,,,,,,,0
803,Daylily 'Missouri Beauty',Hemerocallis 'Missouri Beauty',,,,,,,,0
804,Daylily 'Pandora's Box',Hemerocallis 'Pandora's Box',,,,,,,,0
805,Daylily 'Penny's Worth',Hemerocallis 'Penny's Worth',,,,,,,,0
806,Daylily 'Scarlet Orbit',Hemerocallis 'Scarlet Orbit',,,,,,,,0
807,Daylily 'South Seas',Hemerocallis 'South Sea's',,,,,,,,0
808,Daylily 'Strutter's Ball',Hemerocallis 'Strutter's Ball',,,,,,,,0
809,Daylily 'Sun's Face',Hemerocallis 'Sun's Face',,,,,,,,0
810,Daylily 'Stella de Oro',Hemerocallis 'Stella de Oro',,,,,,,,0
811,Deer Grass,Muhlenbergia rigens,,,,,,,,0
812,Design-A-Line&#8482; Cordyline Burgundy,"Cordyline pumilio x banksia 'ROMA06' PP24,764",,,,,,,,0
813,Dinnerplate Hibiscus,Hibiscus moscheutos,,,,,,,,0
814,Purple Hopseed Bush,Dodonaea viscosa 'Purpurea',,,,,,,,0
815,Double Play Big Bang&#174; Spirea,Spiraea japonica 'Double Play Big Bang',,,,,,,,0
816,Double Play Candy Corn&#174; Spirea,Spiraea Double Play 'Candy Corn',,,,,,,,0
817,Double Play Doozie&#174; Spirea,Spiraea j. 'Double Play Doozie',,,,,,,,0
818,Double Play Gold&#174; Spirea,Spiraea japonica 'Double Play Gold',,,,,,,,0
819,Double Take Orange Storm&#8482; Flowering Quince,Chaenomeles 'Double Take' Series,,,,,,,,0
820,Double Take Pink Storm&#8482; Flowering Quince,Chaenomeles 'Double Take' Series,,,,,,,,0
821,Double Take Scarlet Storm&#8482; Flowering Quince,Chaenomeles 'Double Take' Series,,,,,,,,0
822,Dwarf Bush Olive,Olea europaea Dwarf,,,,,,,,0
823,Dwarf English Boxwood,Buxus sempervirens 'Suffruticosa',,,,,,,,0
824,Dwarf Mugo Pine,Pinus mugo var. pumilio,,,,,,,,0
825,Dwarf Mugo Pine | Monrovia,Pinus mugo var. pumilio [M],,,,,,,,0
826,Dwarf Myrtle,Myrtus communis 'Compacta',,,,,,,,0
827,"Pomegranate, Dwarf",Punica granatum 'Nana',,,,,,,,0
828,Dwarf Red Fountain Grass,Pennisetum setaceum 'Eaton Canyon',,,,,,,,0
829,Dwarf Tree Fern 'Silver Lady',Blechnum gibbum 'Silver Lady',,,,,,,,0
830,Dwarf Variegated Gardenia,Gardenia jasminoides 'Radicans Variegata',,,,,,,,0
831,El Nino&#8482; Desert Orchid,Chitalpa x 'El Nino',,,,,,,,0
832,Emerald Colonnade&#174; Holly,Ilex crenata 'Sky Pencil',,,,,,,,0
833,Encore&#174; Azalea Autumn Moonlight&#174;,,,,,,,,,0
834,Encore&#174; Azalea Autumn Sunburst&#174;,,,,,,,,,0
835,Endless Summer&#174; The Original Bigleaf Hydrangea,Hydrangea macrophylla 'Bailmer',,,,,,,,0
836,English Boxwood Cone Topiary,Buxus sempervirens Cone,,,,,,,,0
837,English Boxwood Pom Pom Topiary,Buxus sempervirens Pom Pom,,,,,,,,0
838,English Boxwood Spiral Topiary,Buxus sempervirens Spiral,,,,,,,,0
839,Escallonia 'Compacta',,,,,,,,,0
840,Escallonia 'Fradesii',,,,,,,,,0
841,Euonymus 'Emerald Gaiety',Euonymus fortunei 'Emerald Gaiety',,,,,,,,0
842,Euonymus 'Emerald 'n' Gold',Euonymus fortunei 'Emerald 'n' Gold',,,,,,,,0
843,Euonymus 'Gracilis',Euonymus fortunei 'Gracilis',,,,,,,,0
844,Euonymus 'Silver Queen',Euonymus japonicus 'Silver Queen',,,,,,,,0
845,Euonymus 'Sunny Delight' | Monrovia,Euonymus japonicus 'Sunny Delight',,,,,,,,0
846,Euonymus 'Green Spire',Euonymus japonicus 'Green Spire',,,,,,,,0
847,Fern Pine 'Glacier Blue',Podocarpus elongatus 'Glacier Blue',,,,,,,,0
848,Icee Blue&#174; Fern Pine | Monrovia,Podocarpus elongatus 'Icee Blue',,,,,,,,0
849,Festival&#8482; Burgundy Cordyline,Cordyline 'Festival Burgundy',,,,,,,,0
850,Flax Lily,Dianella revoluta 'Coolvista',,,,,,,,0
851,Flowering Quince 'Kurokoji',,,,,,,,,0
852,Fountain Grass 'Hameln',Pennisetum alopecuroides 'Hameln',,,,,,,,0
853,White Fountain Grass 'Karley Rose',Pennisetum orientale 'Karley Rose',,,,,,,,0
854,Fountain Grass 'Little Bunny',Pennisetum alopecuroides 'Little Bunny',,,,,,,,0
855,Fringe Flower 'Chang Nian Hong',Loropetalum chinense 'Chang Nian Hong',,,,,,,,0
856,Fringe Flower Jazz Hands&#174 Dwarf Pink,Loropetalum chinense Jazz Hands&#174 Dwarf Pink,,,,,,,,0
857,Fringe Flower Jazz Hands&#174 Dwarf White,Loropetalum chinense Jazz Hands&#174 Dwarf White,,,,,,,,0
858,Fringe Flower Jazz Hands Mini&#174,Loropetalum chinense Jazz Hands Mini&#174,,,,,,,,0
859,Fringe Flower 'Purple Majesty',Loropetalum chinense 'Purple Majesty',,,,,,,,0
860,Fruity Germander,Teucrium cossonii majoricum,,,,,,,,0
861,Gardenia 'First Love' | Monrovia,Gardenia jasminoides 'First Love',,,,,,,,0
862,Gardenia 'Kleim's Hardy',Gardenia jasminoides 'Kleim's Hardy',,,,,,,,0
863,Gardenia 'Mystery',Gardenia jasminoides 'Mystery',,,,,,,,0
864,Gardenia 'August Beauty',Gardenia jasminoides 'August Beauty',,,,,,,,0
865,Gardenia 'Radicans',Gardenia jasminoides 'Radicans',,,,,,,,0
866,Gardenia 'Veitchii',Gardenia jasminoides 'Veitchii',,,,,,,,0
867,Giant Bird of Paradise,Strelitzia nicolai,,,,,,,,0
868,Giant Chain Fern,Woodwardia fimbriata,,,,,,,,0
869,Giant Ligularia,Ligularia tussilaginea 'Gigantea',,,,,,,,0
870,Giant Timber Bamboo,Bambusa oldhamii,,,,,,,,0
871,Globe Colorado Blue Spruce,Picea pungens 'Globosa',,,,,,,,0
872,"Goji Berry 4"" Sleeve",Dave Wilson Nursery&#174;,,,,,,,,0
873,Golden Euonymus,Euonymus japonicus 'Aureo-marginatus',,,,,,,,0
874,Goldflame Honeysuckle Stake,Lonicera x heckrottii 'Goldflame',,,,,,,,0
875,"Gooseberry 4"" Sleeve",Dave Wilson Nursery&#174;,,,,,,,,0
876,Green Tower&#174; Boxwood | Monrovia,Buxus sempervirens 'Green Tower',,,,,,,,0
877,Grevillea 'Coastal Gem',Grevillea lanigera 'Coastal Gem',,,,,,,,0
878,Grevillea 'Mt. Tamboritha',Grevillea lanigera 'Mt. Tamboritha',,,,,,,,0
879,Grevillea 'Noellii',,,,,,,,,0
880,Ground Morning Glory,Convolvulus mauritanicus,,,,,,,,0
881,Heath 'Kramer's Rote',Erica x darleyensis 'Kramer's Rote',,,,,,,,0
882,Heath 'Mediterranean Pink',Erica x darleyensis 'Mediterranean Pink',,,,,,,,0
883,Heath 'Mediterranean White',Erica x darleyensis 'Mediterranean White',,,,,,,,0
884,Heavenly Bamboo,Nandina domestica,,,,,,,,0
885,Heavenly Bamboo 'Compacta',Nandina domestica 'Compacta',,,,,,,,0
886,Heavenly Bamboo,Nandina domestica 'Lemon Lime',,,,,,,,0
887,Heavenly Bamboo,Nandina domestica 'Lemon Lime',,,,,,,,0
888,Heavenly Bamboo 'Moon Bay',Nandina domestica 'Moon Bay',,,,,,,,0
889,HibisKISS&#8482; Spin the Bottle,Hibiscus rosa-sinensis HibisKISS&#8482; Spin the Bottle,,,,,,,,0
890,Holly Fern,Cyrtomium falcatum,,,,,,,,0
891,Holly 'Sky Pencil',Ilex crenata 'Sky Pencil',,,,,,,,0
892,Hollywood&#174; Series Tropical Hibiscus,Hibiscus rosa-sinensis,,,,,,,,0
893,Horsetail Reed,Equisetum hyemale,,,,,,,,0
894,Hosta,Hosta Assorted,,,,,,,,0
895,Hydrangea,Hydrangea macrophylla,,,,,,,,0
896,Bobo&#174; Hydrangea,Hydrangea paniculata 'Bobo',,,,,,,,0
897,Hydrangea 'Enziandom',Hydrangea macrophylla 'Enziandom',,,,,,,,0
898,Hydrangea 'Fort Bragg',Hydrangea macrophylla 'Fort Bragg',,,,,,,,0
899,Hydrangea 'Glowing Embers',Hydrangea macrophylla 'Glowing Embers',,,,,,,,0
900,Limelight Prime&#174; Hydrangea,Hydrangea paniculata 'Limelight Prime',,,,,,,,0
901,Hydrangea,Hydrangea 'Little Quick Fire',,,,,,,,0
902,Hydrangea 'Royal Purple',Hydrangea macrophylla 'royal purple',,,,,,,,0
903,Hydrangea 'White',Hydrangea macrophylla 'white',,,,,,,,0
904,Hydrangea 'Nikko Blue',Hydrangea macrophylla 'Nikko Blue',,,,,,,,0
905,Indian Hawthorn,Rhaphiolepis indica 'Majestic Beauty',,,,,,,,0
906,Indian Hawthorn 'Pink Dancer',Rhaphiolepis indica 'Pink Dancer',,,,,,,,0
907,Indian Hawthorn 'Pinkie',Rhaphiolepis indica 'Pinkie',,,,,,,,0
908,Japanese Aralia,Fatsia japonica,,,,,,,,0
909,Gold Dust Plant,Aucuba japonica 'Variegata',,,,,,,,0
910,Japanese Tassel Fern,Polystichum polyblepharum (setosum),,,,,,,,0
911,Jessamine 'Orange Peel' | Monrovia,Cestrum 'Orange Peel',,,,,,,,0
912,Shore Juniper 'Blue Pacific',Juniperus conferta 'Blue Pacific',,,,,,,,0
913,Juniper 'Blue Star',Juniperus squamata 'Blue Star',,,,,,,,0
914,Juniper 'Green Mound',Juniperus procumbens 'Green Mound',,,,,,,,0
915,Juniper 'Icee Blue' | Monrovia,Juniperus horizontalis 'Icee Blue',,,,,,,,0
916,Juniper 'Mint Julep' 2 Ball | Monrovia,Juniperus chinensis 'Mint Julep',,,,,,,,0
917,Juniper,Juniperus chinensis 'Shimpaku' Hindupan,,,,,,,,0
918,Juniper 'Spartan',Juniperus chinensis 'Spartan',,,,,,,,0
919,Juniper 'Spartan' Spiral | Monrovia,Juniperus chinensis 'Spartan' Spiral,,,,,,,,0
920,Juniper 'Wichita Blue',Juniperus scopulorum 'Wichita Blue',,,,,,,,0
921,Leatherleaf Fern,Rumohra adiantiformis,,,,,,,,0
922,Lemon Bottlebrush,Callistemon citrinus,,,,,,,,0
923,Lemon Bottlebrush Standard Trunk,Callistemon citrinus,,,,,,,,0
924,Goldcrest Lemon Cypress,Cupressus macrocarpa 'Wilma',,,,,,,,0
925,Let,Let's Dance&#174; Blue Jangles Hydrangea macrophylla,,,,,,,,0
926,Leucadendron 'Wilson's Wonder',Leucadendron 'Wilson's Wonder',,,,,,,,0
927,Lilac Hybrids | Monrovia,Syringa vulgaris Hybrids,,,,,,,,0
928,Lily of the Nile,Agapanthus africanus,,,,,,,,0
929,Lily of the Nile 'Baby Pete',Agapanthus orientalis 'Baby Pete',,,,,,,,0
930,Lily of the Nile 'Black Pantha',Agapanthus 'Black Pantha',,,,,,,,0
931,Lily of the Nile 'Brilliant Blue',Agapanthus 'Brilliant Blue',,,,,,,,0
932,Lily of the Nile,Agapanthus 'Ever Amethyst',,,,,,,,0
933,Lily of the Nile,Agapanthus 'Ever Sapphire',,,,,,,,0
934,Lily of the Nile,Agapanthus 'Ever White',,,,,,,,0
935,Lily of the Nile 'Peter Pan White',Agapanthus x 'Peter Pan White',,,,,,,,0
936,Lily of the Nile 'Queen Anne',Agapanthus africanus 'Queen Anne',,,,,,,,0
937,Lily of the Nile 'Storm Cloud',Agapanthus x 'Stormcloud',,,,,,,,0
938,Lily of the Nile 'Tinker Bell',Agapanthus x 'Tinker Bell',,,,,,,,0
939,Lilyturf 'Big Blue',Liriope muscari 'Big Blue',,,,,,,,0
940,Lilyturf 'Purple Explosion',Liriope muscari 'Royal Purple',,,,,,,,0
941,Lilyturf 'Royal Purple',Liriope muscari 'Royal Purple',,,,,,,,0
942,Lilyturf 'Silvery Sunproof',Liriope muscari 'Silvery Sunproof',,,,,,,,0
943,Little Lime&#174; Hydrangea,Hydrangea paniculata 'Little Lime',,,,,,,,0
944,Little Ollie&#174; Dwarf Olive | Monrovia,Olea europaea 'Montra',,,,,,,,0
945,Lo & Behold&#174;,,,,,,,,,0
946,Platinum Beauty&#8482; Lomandra,Lomandra longifolia 'Platinum Beauty',,,,,,,,0
947,Fringe Flower Jazz Hands Bold&#174,Loropetalum chinense Jazz Hands Bold&#174,,,,,,,,0
948,Fringe Flower 'Rubrum',Loropetalum chinense 'Rubrum',,,,,,,,0
949,Magical&#174; Gold Forsythia,Forsythia x intermedia 'Magical Gold',,,,,,,,0
950,Mahonia,Mahonia eurybracteata 'Soft Caress',,,,,,,,0
951,Maiden Grass 'Gracillimus',Miscanthus sinensis 'Gracillimus',,,,,,,,0
952,Mangave 'Lavender Lady',Mangave 'Lavender Lady',,,,,,,,0
953,Mangave 'Snow Leopard',Mangave 'Snow Leopard',,,,,,,,0
954,Manzanita 'Emerald Carpet',Arctostaphylos 'Emerald Carpet',,,,,,,,0
955,Camellia 'Mathotiana Supreme' | Monrovia,Camellia japonica 'Mathotiana Supreme',,,,,,,,0
956,Mock Orange,Pittosporum tobira,,,,,,,,0
957,Mock Orange 'Cream de Mint',Pittosporum tobira 'Cream de Mint',,,,,,,,0
958,Mock Orange 'Wheeler's Dwarf',Pittosporum tobira 'Wheeler's Dwarf',,,,,,,,0
959,Myoporum 'Putah Creek',Myoporum parvifolium 'Putah Creek',,,,,,,,0
960,Heavenly Bamboo 'Firepower',Nandina domestica 'Firepower',,,,,,,,0
961,Heavenly Bamboo 'Gulf Stream',Nandina domestica 'Gulf Stream',,,,,,,,0
962,Heavenly Bamboo,Nandina domestica 'Obsession',,,,,,,,0
963,New Zealand Flax 'Dark Delight' | Matsuda's,Phormium 'Dark Delight',,,,,,,,0
964,New Zealand Flax 'Dusky Chief',Phormium 'Dusky Chief',,,,,,,,0
965,New Zealand Flax 'Jester',,,,,,,,,0
966,New Zealand Flax 'Maori Chief',Phormium 'Maori Chief',,,,,,,,0
967,New Zealand Flax 'Mat's Merlot' | Matsuda's,Phormium 'Mat's Merlot',,,,,,,,0
968,New Zealand Flax 'Pink Stripe',Phormium 'Pink Stripe',,,,,,,,0
969,New Zealand Flax 'Rainbow Warrior',Phormium 'Rainbow Warrior',,,,,,,,0
970,New Zealand Flax 'Sundowner' | Matsuda's,,,,,,,,,0
971,New Zealand Flax 'Yellow Wave',Phormium 'Yellow Wave',,,,,,,,0
972,New Zealand Wind Grass,Stipa arundinacea,,,,,,,,0
973,North Pole&#174; Arborvitae,Thuja occidentalis 'North Pole',,,,,,,,0
974,Oakleaf Hydrangea,Hydrangea quercifolia,,,,,,,,0
975,Oleander 'Petite Pink',Nerium oleander 'Petite Pink',,,,,,,,0
976,Orange Sedge,Carex testacea,,,,,,,,0
977,Orange Sedge 'Prairie Fire',Carex testacea 'Prairie Fire',,,,,,,,0
978,Orchid Rockrose,Cistus x purpureus,,,,,,,,0
979,Paraplu Pink Ink&#174; Rose of Sharon,Hibiscus x 'Paraplu Pink Ink',,,,,,,,0
980,Paraplu Violet&#174; Rose of Sharon,Hibiscus x 'Paraplu Violet',,,,,,,,0
981,Peony Hybrids | Monrovia,Paeonia hybrids,,,,,,,,0
982,Pineapple Guava,Feijoa sellowiana,,,,,,,,0
983,Pineapple Guava Standard Trunk,Feijoa sellowiana,,,,,,,,0
984,Pink Myoporum,Myoporum parvifolium 'Pink',,,,,,,,0
985,Oleander 'Pink',Nerium oleander 'Pink',,,,,,,,0
986,Prime-Ark&#174; Freedom Blackberry,Rubus x 'Prime-Ark Freedom',,,,,,,,0
987,Princess Flower,Tibouchina urvilleana,,,,,,,,0
988,Privet,Ligustrum sinense 'Sunshine',,,,,,,,0
989,Pugster Blue&#174 Butterfly Bush,Buddleja 'Pugster Blue',,,,,,,,0
990,Pugster Periwinkle&#174 Butterfly Bush,Buddleja 'Pugster Periwinkle',,,,,,,,0
991,Pugster Pinker&#174; Butterfly Bush,Buddleja 'Pugster Pinker',,,,,,,,0
992,Pugster White&#174 Butterfly Bush,Buddleja 'Pugster Blue',,,,,,,,0
993,Purple Pillar&#174; Rose of Sharon,Hibiscus syriacus 'Gandini Santiago',,,,,,,,0
994,Raspberry Shortcake&#174; Raspberry,Rubus idaeus 'Raspberry Shortcake',,,,,,,,0
995,Red Abyssinian Banana,Ensete ventricosum 'Maureli',,,,,,,,0
996,Oleander 'Red',Nerium oleander 'Red',,,,,,,,0
997,Red Tip Photinia Espalier,Photinia x fraseri Espalier,,,,,,,,0
998,Red Yucca,Hesperaloe parvifolia,,,,,,,,0
999,Brakelights&#174; Red Yucca,Brakelights&#174; Hesperaloe parvifolia,,,,,,,,0
1000,Rhododendron,Rhododendron Assorted,,,,,,,,0
1001,Rockrose ??Little Miss Sunshine??,Cistus 'Little Miss Sunshine',,,,,,,,0
1002,Rockrose ??Mickie??,Cistus x 'Mickie',,,,,,,,0
1003,Rockrose ??Sunset??,Cistus x 'Sunset',,,,,,,,0
1004,Rose of Sharon 'Aphrodite',Hibiscus syriacus 'Aphrodite',,,,,,,,0
1005,Rose of Sharon 'Minerva',Hibiscus syriacus 'Minerva',,,,,,,,0
1006,Rose of Sharon 'Red Heart',Hibiscus syriacus 'Red Heart',,,,,,,,0
1007,Rosemary Holiday Cone,Rosmarinus officinalis,,,,,,,,0
1008,Trailing Rosemary,Rosmarinus officinalis 'Prostratus',,,,,,,,0
1009,Shrubby Yew Pine 'Maki',Podocarpus macrophyllus maki,,,,,,,,0
1010,Silver Maiden Grass 'Morning Light',Miscanthus sinensis 'Morning Light',,,,,,,,0
1011,Silverberry 'Olive Martini',Elaeagnus x ebbingei 'Olive Martini',,,,,,,,0
1012,Sky Box&#174; Japanese Holly,Ilex crenata 'Sky Box',,,,,,,,0
1013,Smoke Tree,Cotinus coggygria 'Royal Purple',,,,,,,,0
1014,Smoke Tree 'Royal Purple',Cotinus coggygria 'Royal Purple',,,,,,,,0
1015,Smoke Tree Winecraft Black&#174;,Cotinus coggygria 'Winecraft Black',,,,,,,,0
1016,Smoke Tree Winecraft Gold&#174;,Cotinus coggygria 'Winecraft Gold',,,,,,,,0
1017,Society Garlic,Tulbaghia violacea,,,,,,,,0
1018,Society Garlic 'Fairy Star',Tulbaghia 'Fairy Star',,,,,,,,0
1019,Southern Sword Fern,Nephrolepis cordifolia,,,,,,,,0
1020,Sprinter &#174; Boxwood,Buxus microphylla microphylla japonica 'Sprinter',,,,,,,,0
1021,Summerific&#174; Hibiscus,Rose Mallow Hibiscus hybrid,,,,,,,,0
1022,Sunjoy Neo&#174; Barberry,Berberis thunbergii 'Sunjoy Neo',,,,,,,,0
1023,Sunjoy&#174; Tangelo&#8482; Barberry,Berberis thunbergii 'Sunjoy Tangelo',,,,,,,,0
1024,Sweet Flag,Acorus gramineus 'Ogon',,,,,,,,0
1025,Sweet Olive,Osmanthus fragrans,,,,,,,,0
1026,Sweet Pea Shrub 'Petite Butterflies',Polygala fruticosa 'Petite Butterflies',,,,,,,,0
1027,Tasmanian Tree Fern,Dicksonia Antarctica,,,,,,,,0
1028,Texas Privet,Ligustrum japonicum 'Texanum',,,,,,,,0
1029,Thuja 'Emerald Green',Thuja occidentalis 'Emerald Green',,,,,,,,0
1030,Thuja Hightlights&#8482; 'Janed Gold',Thuja occidentalis 'Janed Gold',,,,,,,,0
1031,Tropical Hibiscus,Hibiscus rosa-sinensis,,,,,,,,0
1032,Tropical Plumeria,Plumeria rubra,,,,,,,,0
1033,Tropicanna&#174; Black Canna,Canna indica 'Tropicanna Black',,,,,,,,0
1034,Canna 'Orange Stripe',Canna indica 'Orange Stripe',,,,,,,,0
1035,Canna 'Gold Stripe',Canna indica 'Gold Stripe',,,,,,,,0
1036,Tuff Stuff Ah-Ha&#174; Reblooming Mountain Hydrangea,Hydrangea serrata 'Tuff Stuff Ah-Ha',,,,,,,,0
1037,Rosemary 'Tuscan Blue',Rosmarinus officinalis 'Tuscan Blue',,,,,,,,0
1038,Variegated Boxleaf Euonymus,Euonymus japonicus 'Microphyllus Variegata',,,,,,,,0
1039,Variegated Lilyturf,Liriope muscari 'Variegata',,,,,,,,0
1040,Variegated Smooth Agave,Agave desmettiana 'Variegata',,,,,,,,0
1041,Viburnum 'Spring Bouquet',Viburnum tinus 'Spring Bouquet',,,,,,,,0
1042,Wee Bit Giddy&#174; Bigleaf Hydrangea,"Hydrangea macrophylla 'SMNHML' USPP32,317",,,,,,,,0
1043,Wee Bit Grumpy&#174; Bigleaf Hydrangea,Hydrangea macrophylla 'Stragrum',,,,,,,,0
1044,Western Sword Fern,Polystichum munitum,,,,,,,,0
1045,White Myoporum,Myoporum parvifolium (White),,,,,,,,0
1046,Oleander 'White',Nerium oleander 'White',,,,,,,,0
1047,White Pillar&#174; Rose of Sharon,Hibiscus syriacus 'Gandini van Aart',,,,,,,,0
1048,Wild Lilac 'Carmel Creeper',Ceanothus griseus horizontalis,,,,,,,,0
1049,Wild Lilac 'Dark Star',Ceanothus 'Dark Star',,,,,,,,0
1050,Wild Lilac 'Diamond Heights',Ceanothus 'Diamond Heights',,,,,,,,0
1051,Wild Lilac 'Frosty Blue',Ceanothus 'Frosty Blue',,,,,,,,0
1052,Wild Lilac 'Skylark',,,,,,,,,0
1053,Wild Lilac 'Valley Violet',Ceanothus maritimus 'Valley Violet',,,,,,,,0
1054,Daphne 'Marginata',Daphne odora 'Marginata',,,,,,,,0
1055,Yeddo Hawthorn 'Minor',Rhaphiolepis umbellata 'Minor',,,,,,,,0
1056,Yellow Fortnight Lily,Dietes bicolor (Moraea),,,,,,,,0
1057,Yucca 'Blue Sentry',Yucca rigida 'Blue Sentry',,,,,,,,0
1058,Yucca 'Bright Star',Yucca gloriosa 'Bright Star',,,,,,,,0
1059,Yucca 'Color Guard',Yucca filamentosa 'Color Guard',,,,,,,,0
1060,Red Maple 'October Glory',Acer rubrum 'October Glory',,,,,,,,0
1061,Almond 'All in One',Dave Wilson Nursery&#174;,,,,,,,,0
1062,Almond,"Huserik Bros. Nursery, Inc.",,,,,,,,0
1063,"Almond 'All in One' 4"" Sleeve",Dave Wilson Nursery&#174;,,,,,,,,0
1064,Angel Red&#174; Pomegranate | Monrovia,Punica granatum 'Angel Red',,,,,,,,0
1065,Apple 'Fuji',Dave Wilson Nursery&#174;,,,,,,,,0
1066,Apple,"Huserik Bros. Nursery, Inc.",,,,,,,,0
1067,"Apple 'Fuji', Dwarf",Dave Wilson Nursery&#174;,,,,,,,,0
1068,Apple,"Huserik Bros. Nursery, Inc.",,,,,,,,0
1069,Apple 'Gala',Malus domestica 'Gala',,,,,,,,0
1070,Apple,Dave Wilson Nursery&#174;,,,,,,,,0
1071,"Apple 'Gala', Dwarf",Dave Wilson Nursery&#174;,,,,,,,,0
1072,Apple,"Huserik Bros. Nursery, Inc.",,,,,,,,0
1073,Apple,Dave Wilson Nursery&#174;,,,,,,,,0
1074,Apple 'Golden Delicious',Malus domestica 'Golden Delicious',,,,,,,,0
1075,Apple,"Huserik Bros. Nursery, Inc.",,,,,,,,0
1076,Apple 'Granny Smith',Malus domestica 'Granny Smith',,,,,,,,0
1077,Apple,"Huserik Bros. Nursery, Inc.",,,,,,,,0
1078,Apple 'Honeycrisp',Malus domestica 'Honeycrisp',,,,,,,,0
1079,Apple,"Huserik Bros. Nursery, Inc.",,,,,,,,0
1080,"Apple 'Honeycrisp', Dwarf",Dave Wilson Nursery&#174;,,,,,,,,0
1081,Apple,"Huserik Bros. Nursery, Inc.",,,,,,,,0
1082,Apple Multi-Graft Combo #1 Bareroot,Dave Wilson Nursery&#174;,,,,,,,,0
1083,Apple Multi-Graft Combo #2 Bareroot,Dave Wilson Nursery&#174;,,,,,,,,0
1084,Apple Multi-Graft Combo #3 Bareroot,Dave Wilson Nursery&#174;,,,,,,,,0
1085,Apple 'Pink Lady',Dave Wilson Nursery&#174;,,,,,,,,0
1086,Apple,"Huserik Bros. Nursery, Inc.",,,,,,,,0
1087,"Apple 'Pink Lady', Dwarf",Dave Wilson Nursery&#174;,,,,,,,,0
1088,Apple,"Huserik Bros. Nursery, Inc.",,,,,,,,0
1089,Apple,Dave Wilson Nursery&#174;,,,,,,,,0
1090,Apple 'Red Fuji',Dave Wilson Nursery&#174;,,,,,,,,0
1091,Apple,"Huserik Bros. Nursery, Inc.",,,,,,,,0
1092,Apricot 'Autumn Glo',Dave Wilson Nursery&#174;,,,,,,,,0
1093,Apricot,Dave Wilson Nursery&#174;,,,,,,,,0
1094,Apricot 'Blenheim',Prunus armeniaca 'Blenheim',,,,,,,,0
1095,Apricot,"Huserik Bros. Nursery, Inc.",,,,,,,,0
1096,Apricot,Dave Wilson Nursery&#174;,,,,,,,,0
1097,Apricot 'Katy',Dave Wilson Nursery&#174;,,,,,,,,0
1098,Apricot 'Moorpark',Dave Wilson Nursery&#174;,,,,,,,,0
1099,"Apricot 'Pixie-Cot', Dwarf",Dave Wilson Nursery&#174;,,,,,,,,0
1100,Apricot,Dave Wilson Nursery&#174;,,,,,,,,0
1101,Apricot 'Royal Rosa',Dave Wilson Nursery&#174;,,,,,,,,0
1102,Apricot,Dave Wilson Nursery&#174;,,,,,,,,0
1103,Arbutus,,,,,,,,,0
1104,Arbutus,,,,,,,,,0
1105,Asian Pear,"Huserik Bros. Nursery, Inc.",,,,,,,,0
1106,Asian Pear,"Huserik Bros. Nursery, Inc.",,,,,,,,0
1107,Avocado 'Bacon',,,,,,,,,0
1108,Avocado 'Hass',,,,,,,,,0
1109,Avocado 'Little Cado',Avocado 'Little Cado',,,,,,,,0
1110,Avocado 'Zutano',,,,,,,,,0
1111,Bay Laurel Standard Trunk,Laurus nobilis,,,,,,,,0
1112,Fig 'Black Jack' | Monrovia,Fig 'Black Jack',,,,,,,,0
1113,Blue Spruce 'Baby Blue',Picea pungens 'Baby Blue',,,,,,,,0
1114,Blue Spruce,Picea pungens 'Fat Albert',,,,,,,,0
1115,Blue Spruce,Picea pungens 'Fat Albert',,,,,,,,0
1116,Bronze Loquat Multi-Trunk,Eriobotrya deflexa,,,,,,,,0
1117,Bronze Loquat Standard Trunk,Eriobotrya deflexa,,,,,,,,0
1118,California Pepper Tree Standard Trunk,Schinus molle,,,,,,,,0
1119,Camphor Tree,Cinnamomum camphora,,,,,,,,0
1120,Canary Island Date Palm,Phoenix canariensis,,,,,,,,0
1121,Candy Heart Pluerry&#8482; Interspecific Plum Bareroot,Dave Wilson Nursery&#174;,,,,,,,,0
1122,Carolina Cherry Laurel Standard Trunk,Prunus caroliniana Std,,,,,,,,0
1123,Center Stage&#174 Coral Crape Myrtle,Lagerstroemia indica 'Center Stage Coral',,,,,,,,0
1124,Center Stage&#174 Pink Crape Myrtle,Lagerstroemia indica 'Center Stage Pink',,,,,,,,0
1125,Center Stage&#174 Red Crape Myrtle,Lagerstroemia indica 'Center Stage Red',,,,,,,,0
1126,Cherry 'Bing',Dave Wilson Nursery&#174;,,,,,,,,0
1127,Cherry,"Huserik Bros. Nursery, Inc.",,,,,,,,0
1128,Cherry 'Black Tartarian',Dave Wilson Nursery&#174;,,,,,,,,0
1129,Cherry,"Huserik Bros. Nursery, Inc.",,,,,,,,0
1130,Cherry 'Craig's Crimson',Dave Wilson Nursery&#174;,,,,,,,,0
1131,Cherry,Dave Wilson Nursery&#174;,,,,,,,,0
1132,Cherry 'Lapins',Dave Wilson Nursery&#174;,,,,,,,,0
1133,Cherry,"Huserik Bros. Nursery, Inc.",,,,,,,,0
1134,Cherry 'Montmorency Sour',"Huserik Bros. Nursery, Inc.",,,,,,,,0
1135,Cherry,"Huserik Bros. Nursery, Inc.",,,,,,,,0
1136,Cherry Multi-Graft Combo #1 Bareroot,Dave Wilson Nursery&#174;,,,,,,,,0
1137,Cherry Multi-Graft Combo #3 Bareroot,Dave Wilson Nursery&#174;,,,,,,,,0
1138,Cherry 'North Star Sour',Dave Wilson Nursery&#174;,,,,,,,,0
1139,Cherry,"Huserik Bros. Nursery, Inc.",,,,,,,,0
1140,Cherry 'Rainier',Dave Wilson Nursery&#174;,,,,,,,,0
1141,Cherry,"Huserik Bros. Nursery, Inc.",,,,,,,,0
1142,Cherry 'Royal Crimson',Dave Wilson Nursery&#174;,,,,,,,,0
1143,Cherry,Dave Wilson Nursery&#174;,,,,,,,,0
1144,Cherry 'Royal Rainier',Dave Wilson Nursery&#174;,,,,,,,,0
1145,Cherry,Dave Wilson Nursery&#174;,,,,,,,,0
1146,Cherry,"Huserik Bros. Nursery, Inc.",,,,,,,,0
1147,Cherry 'Utah Giant',Dave Wilson Nursery&#174;,,,,,,,,0
1148,Cherry,"Huserik Bros. Nursery, Inc.",,,,,,,,0
1149,Chinese Pistache,Pistacia chinensis,,,,,,,,0
1150,Chinese Pistache,Pistacia chinensis 'Keith Davey',,,,,,,,0
1151,Coast Live Oak Multi-Trunk,Quercus agrifolia,,,,,,,,0
1152,Coast Live Oak Standard Trunk,Quercus agrifolia,,,,,,,,0
1153,Coastal Redwood 'Aptos Blue',Sequoia sempervirens 'Aptos Blue',,,,,,,,0
1154,Coastal Redwood,Sequoia sempervirens 'Soquel',,,,,,,,0
1155,"Lemon 'Improved Meyer', Standard",Lemon 'Improved Meyer',,,,,,,,0
1156,Coral Bark Maple,Acer palmatum 'Sango Kaku',,,,,,,,0
1157,Cork Oak,Quercus suber,,,,,,,,0
1158,Cot-N-Candy White Aprium&#174; Interspecific Apricot,Dave Wilson Nursery&#174;,,,,,,,,0
1159,Cot-N-Candy White Aprium&#174; Interspecific Apricot Bareroot,Dave Wilson Nursery&#174;,,,,,,,,0
1160,Crape Myrtle,Lagerstroemia indica 'Arapaho' Standard,,,,,,,,0
1161,Crape Myrtle 'Catawba' Multi-Trunk,Lagerstroemia indica 'Catawba' Multi,,,,,,,,0
1162,Crape Myrtle,Lagerstroemia indica 'Catawba',,,,,,,,0
1163,Crape Myrtle 'Dynamite' Multi-Trunk,Lagerstroemia indica 'Dynamite' Multi,,,,,,,,0
1164,Crape Myrtle 'Dynamite' Standard Trunk,Lagerstroemia indica 'Dynamite' Standard,,,,,,,,0
1165,Crape Myrtle 'Muskogee' Multi-Trunk,,,,,,,,,0
1166,Crape Myrtle 'Muskogee' Standard Trunk,,,,,,,,,0
1167,Crape Myrtle 'Natchez' Multi-Trunk,,,,,,,,,0
1168,Crape Myrtle 'Natchez' Standard Trunk,Lagerstroemia x 'Natchez' Standard,,,,,,,,0
1169,Crape Myrtle 'Petite Orchid' Multi-Trunk | Monrovia,Lagerstroemia indica 'Petite Orchid',,,,,,,,0
1170,Crape Myrtle 'Petite Red Imp' Multi-Trunk | Monrovia,Lagerstroemia indica 'Petite Red Imp',,,,,,,,0
1171,Crape Myrtle 'Pink Velour' Multi-Trunk,Lagerstroemia indica 'Pink Velour' Multi,,,,,,,,0
1172,Crape Myrtle 'Pink Velour' Standard Trunk,Lagerstroemia 'Pink Velour',,,,,,,,0
1173,Crape Myrtle 'Red Rocket' Multi-Trunk,Lagerstroemia indica 'Red Rocket' Multi,,,,,,,,0
1174,Crape Myrtle,Lagerstroemia indica 'Red Rocket',,,,,,,,0
1175,Crape Myrtle 'Tuscarora' Multi-Trunk,,,,,,,,,0
1176,Crape Myrtle 'Tuscarora' Standard Trunk,Lagerstroemia x 'Tuscarora' Std,,,,,,,,0
1177,Crape Myrtle 'Twilight' Multi-Trunk,,,,,,,,,0
1178,Crape Myrtle,,,,,,,,,0
1179,Dapple Dandy Pluot&#174; Interspecific Plum,Dave Wilson Nursery&#174;,,,,,,,,0
1180,Dapple Dandy Pluot&#174; Interspecific Plum Bareroot,Dave Wilson Nursery&#174;,,,,,,,,0
1181,Deodar Cedar,Cedrus deodara,,,,,,,,0
1182,Desert Willow 'Bubba',Chilopsis linearis 'Bubba',,,,,,,,0
1183,Dogwood 'Cherokee Chief',Cornus florida 'Cherokee Chief',,,,,,,,0
1184,Dogwood,Cornus x 'Stellar Pink',,,,,,,,0
1185,Double Weeping Cherry,Prunus x subhirtella 'Pendula Plena-Rosa',,,,,,,,0
1186,Dwarf Alberta Spruce,Picea glauca albertiana 'Conica',,,,,,,,0
1187,Dwarf Carolina Cherry Laurel Standard Trunk,Prunus caroliniana 'Compacta' Std,,,,,,,,0
1188,Dwarf Italian Cypress,Cupressus sempervirens 'Dwarf',,,,,,,,0
1189,Eastern Redbud,Cercis canadensis 'Flame Thrower',,,,,,,,0
1190,Eastern Redbud,Cercis canadensis 'Forest Pansy',,,,,,,,0
1191,Eastern Redbud,Cercis canadensis 'Merlot',,,,,,,,0
1192,The Rising Sun&#8482; Eastern Redbud,The Rising Sun&#8482; Cercis canadensis,,,,,,,,0
1193,Eastern Redbud,Cercis canadensis 'Ruby Falls',,,,,,,,0
1194,Elm,Ulmus propinqua 'Emerald Sunshine',,,,,,,,0
1195,English Laurel,Prunus laurocerasus,,,,,,,,0
1196,European White Birch Multi-Trunk,Betula pendula Multi,,,,,,,,0
1197,European White Birch Standard Trunk,Betula pendula,,,,,,,,0
1198,Fern Pine Column,Podocarpus gracilior,,,,,,,,0
1199,Fern Pine Standard Trunk,Podocarpus gracilior Std,,,,,,,,0
1200,"Fig Assorted 4"" Sleeve",Dave Wilson Nursery&#174;,,,,,,,,0
1201,Fig 'Brown Turkey',Ficus carica 'Brown Turkey',,,,,,,,0
1202,Fig,Ficus carica 'Little Miss Figgy',,,,,,,,0
1203,Fig 'Mission Black',Ficus carica 'Mission Black',,,,,,,,0
1204,Fig 'Violette de Bordeaux',Fig 'Violette de Bordeaux',,,,,,,,0
1205,Flavor Delight Aprium&#174; Interspecific Apricot,Dave Wilson Nursery&#174;,,,,,,,,0
1206,Flavor Delight Aprium&#174; Interspecific Apricot Bareroot,Dave Wilson Nursery&#174;,,,,,,,,0
1207,Flavor Finale Pluot&#174; Interspecific Plum,Dave Wilson Nursery&#174;,,,,,,,,0
1208,Flavor King Pluot&#174; Interspecific Plum,Dave Wilson Nursery&#174;,,,,,,,,0
1209,Flavor Punch Pluerry&#8482; Interspecific Plum Bareroot,Dave Wilson Nursery&#174;,,,,,,,,0
1210,Flavor Queen Pluot&#174; Interspecific Plum,Dave Wilson Nursery&#174;,,,,,,,,0
1211,Flavor Supreme Pluot&#174; Interspecific Plum,Dave Wilson Nursery&#174;,,,,,,,,0
1212,Flavor Supreme Pluot&#174; Interspecific Plum Bareroot,"Huserik Bros. Nursery, Inc.",,,,,,,,0
1213,Flowering Cherry,Prunus x yedoensis 'Akebono',,,,,,,,0
1214,Flowering Cherry,Prunus serrulata 'Kwanzan',,,,,,,,0
1215,Flowering Cherry,Prunus serrulata 'Mt. Fuji' ('Shirotae'),,,,,,,,0
1216,Flowering Crabapple,Malus x 'Prairifire',,,,,,,,0
1217,Flowering Pear,Pyrus calleryana 'Bradford',,,,,,,,0
1218,Flowering Pear,Pyrus calleryana 'Chanticleer',,,,,,,,0
1219,Flowering Plum,Prunus cerasifera 'Purple Pony',,,,,,,,0
1220,Fruit Salad Multi-Graft Combo #1 Bareroot,Dave Wilson Nursery&#174;,,,,,,,,0
1221,Fruit Salad Multi-Graft Combo #2 Bareroot,Dave Wilson Nursery&#174;,,,,,,,,0
1222,Fruiting Loquat 'Big Jim',Eriobotrya japonica 'Big Jim',,,,,,,,0
1223,Fruiting Mulberry 'Pakistan',Dave Wilson Nursery&#174;,,,,,,,,0
1224,Fruiting Mulberry 'White',Dave Wilson Nursery&#174;,,,,,,,,0
1225,Fruitless Olive Multi-Trunk,Olea europaea 'Fruitless',,,,,,,,0
1226,Fruitless Olive Standard Trunk,Olea europaea 'Fruitless',,,,,,,,0
1227,Swan Hill Olives&#174; Fruitless Olive Multi-Trunk,Olea europaea 'Swan Hill',,,,,,,,0
1228,Ginkgo,Ginkgo biloba 'Autumn Gold',,,,,,,,0
1229,Incense Cedar,Calocedrus decurrens,,,,,,,,0
1230,Italian Cypress,Cupressus sempervirens,,,,,,,,0
1231,Blue Italian Cypress,Cupressus sempervirens 'Glauca',,,,,,,,0
1232,Bonsai Blue Jacaranda | Monrovia,Jacaranda mimosifolia 'Bonsai Blue',,,,,,,,0
1233,Shogun&#8482; Series Japanese Blueberry Standard Trunk | Monrovia,Elaeocarpus decipiens,,,,,,,,0
1234,Japanese Laceleaf Maple,Acer palmatum dissectum 'Baldsmith',,,,,,,,0
1235,Japanese Laceleaf Maple,Acer palmatum dissectum 'Garnet',,,,,,,,0
1236,Japanese Laceleaf Maple 'Orangeola',Acer palmatum dissectum 'Orangeola',,,,,,,,0
1237,Japanese Laceleaf Maple 'Tamukeyama',Acer palmatum dissectum 'Tamukeyama',,,,,,,,0
1238,Japanese Maple Multi-Trunk,Acer palmatum,,,,,,,,0
1239,Japanese Maple 'Bihou',Acer palmatum 'Bihou',,,,,,,,0
1240,Japanese Laceleaf Maple 'Crimson Queen',Acer palmatum dissectum 'Crimson Queen',,,,,,,,0
1241,Japanese Maple 'Emperor One',Acer palmatum 'Emperor One',,,,,,,,0
1242,Japanese Maple 'Fireglow',Acer palmatum 'Fireglow',,,,,,,,0
1243,Japanese Maple 'Inaba Shidare',Acer palmatum dissectum 'Inaba Shidare',,,,,,,,0
1244,Japanese Maple 'Mikawa Yatsubusa',Acer palmatum 'Mikawa Yatsubusa',,,,,,,,0
1245,Japanese Laceleaf Maple 'Red Dragon',Acer palmatum dissectum 'Red Dragon',,,,,,,,0
1246,Japanese Maple 'Seiryu',Acer palmatum 'Seiryu',,,,,,,,0
1247,Japanese Maple 'Sharp's Pygmy',Acer palmatum 'Sharp's Pygmy',,,,,,,,0
1248,Japanese Maple Standard Trunk,Acer palmatum,,,,,,,,0
1249,Japanese Laceleaf Maple,Acer palmatum dissectum 'Viridis',,,,,,,,0
1250,Japanese Maple 'Bloodgood',Acer palmatum 'Bloodgood',,,,,,,,0
1251,Jujube 'GA 866',Dave Wilson Nursery&#174;,,,,,,,,0
1252,Jujube,Dave Wilson Nursery&#174;,,,,,,,,0
1253,Jujube 'Li',Dave Wilson Nursery&#174;,,,,,,,,0
1254,Jujube,Dave Wilson Nursery&#174;,,,,,,,,0
1255,Jujube,Dave Wilson Nursery&#174;,,,,,,,,0
1256,Kousa Dogwood,Cornus kousa chinensis 'Satomi',,,,,,,,0
1257,"Lemon 'Eureka', Standard",,,,,,,,,0
1258,"Lemon 'Improved Meyer' Espalier, Semi-Dwarf",Lemon 'Improved Meyer' Semi-Dwarf,,,,,,,,0
1259,Little Ragu&#174; Sweet Bay,"Laurus nobilis 'MonRik' PP #25,915",,,,,,,,0
1260,Locust,Robinia x ambigua 'Purple Robe',,,,,,,,0
1261,London Plane Tree,Platanus acerifolia 'Columbia',,,,,,,,0
1262,Magnolia 'Ann',Magnolia x 'Ann',,,,,,,,0
1263,Magnolia,Magnolia grandiflora 'D.D. Blanchard',,,,,,,,0
1264,Magnolia,Magnolia grandiflora 'Edith Bogue',,,,,,,,0
1265,Magnolia 'Jane',Magnolia grandiflora 'Jane',,,,,,,,0
1266,Magnolia,Magnolia grandiflora 'Little Gem' Low Branch,,,,,,,,0
1267,Magnolia,Magnolia grandiflora 'Little Gem',,,,,,,,0
1268,"Mandarin 'Clementine', Standard",,,,,,,,,0
1269,Mediterranean Fan Palm,Chamaerops humilis,,,,,,,,0
1270,"Mulberry Assorted 4"" Sleeve",Dave Wilson Nursery&#174;,,,,,,,,0
1271,Nectaplum,Dave Wilson Nursery&#174;,,,,,,,,0
1272,Nectarine,Dave Wilson Nursery&#174;,,,,,,,,0
1273,Nectarine,Dave Wilson Nursery&#174;,,,,,,,,0
1274,"Nectarine 'Arctic Sprite', Miniature",Dave Wilson Nursery&#174;,,,,,,,,0
1275,Nectarine,"Huserik Bros. Nursery, Inc.",,,,,,,,0
1276,Nectarine 'Arctic Star',Dave Wilson Nursery&#174;,,,,,,,,0
1277,Nectarine 'Double Delight',Dave Wilson Nursery&#174;,,,,,,,,0
1278,Nectarine,Dave Wilson Nursery&#174;,,,,,,,,0
1279,Nectarine 'Fantasia',Dave Wilson Nursery&#174;,,,,,,,,0
1280,Nectarine,"Huserik Bros. Nursery, Inc.",,,,,,,,0
1281,Nectarine,Dave Wilson Nursery&#174;,,,,,,,,0
1282,Nectarine 'Heavenly White',Dave Wilson Nursery&#174;,,,,,,,,0
1283,Nectarine,Dave Wilson Nursery&#174;,,,,,,,,0
1284,Nectarine 'Liz's Late',Dave Wilson Nursery&#174;,,,,,,,,0
1285,Nectarine,Dave Wilson Nursery&#174;,,,,,,,,0
1286,"Nectarine 'Arctic Babe', Miniature",Dave Wilson Nursery&#174;,,,,,,,,0
1287,"Nectarine 'Garden Delight', Miniature",Dave Wilson Nursery&#174;,,,,,,,,0
1288,"Nectarine 'Necta Zee', Miniature",Dave Wilson Nursery&#174;,,,,,,,,0
1289,Nectarine,Dave Wilson Nursery&#174;,,,,,,,,0
1290,Nectarine 'Snow Queen',Dave Wilson Nursery&#174;,,,,,,,,0
1291,Nectarine,"Huserik Bros. Nursery, Inc.",,,,,,,,0
1292,"Nectarine 'Sol Dorado', Miniature",Dave Wilson Nursery&#174;,,,,,,,,0
1293,Oklahoma Redbud,Cercis reniformis texensis 'Oklahoma' Std,,,,,,,,0
1294,Palo Verde,Cercidium 'Desert Museum',,,,,,,,0
1295,Palo Verde,Cercidium 'Desert Museum',,,,,,,,0
1296,Peach and Nectarine Multi-Graft Combo #2 Bareroot,Dave Wilson Nursery&#174;,,,,,,,,0
1297,Peach 'Arctic Supreme',Dave Wilson Nursery&#174;,,,,,,,,0
1298,Peach,Dave Wilson Nursery&#174;,,,,,,,,0
1299,Peach 'Babcock',Dave Wilson Nursery&#174;,,,,,,,,0
1300,Peach,"Huserik Bros. Nursery, Inc.",,,,,,,,0
1301,Peach 'Donut Stark Saturn',Dave Wilson Nursery&#174;,,,,,,,,0
1302,Peach,"Huserik Bros. Nursery, Inc.",,,,,,,,0
1303,Peach 'Elberta',Prunus persica 'Elberta',,,,,,,,0
1304,Peach,"Huserik Bros. Nursery, Inc.",,,,,,,,0
1305,Peach 'Eva's Pride',Dave Wilson Nursery&#174;,,,,,,,,0
1306,Peach,Dave Wilson Nursery&#174;,,,,,,,,0
1307,Peach 'Fay (Late) Elberta',Dave Wilson Nursery&#174;,,,,,,,,0
1308,Peach 'Frost',Dave Wilson Nursery&#174;,,,,,,,,0
1309,Peach,"Huserik Bros. Nursery, Inc.",,,,,,,,0
1310,Peach,Dave Wilson Nursery&#174;,,,,,,,,0
1311,Peach,Dave Wilson Nursery&#174;,,,,,,,,0
1312,Peach,Dave Wilson Nursery&#174;,,,,,,,,0
1313,Peach,Dave Wilson Nursery&#174;,,,,,,,,0
1314,Peach,Dave Wilson Nursery&#174;,,,,,,,,0
1315,"Peach 'Honey Babe', Miniature",Dave Wilson Nursery&#174;,,,,,,,,0
1316,Peach Multi-Graft Combo Bareroot,Dave Wilson Nursery&#174;,,,,,,,,0
1317,Peach 'O'Henry',Dave Wilson Nursery&#174;,,,,,,,,0
1318,Peach,"Huserik Bros. Nursery, Inc.",,,,,,,,0
1319,Peach 'Red Baron',Dave Wilson Nursery&#174;,,,,,,,,0
1320,Peach 'Redhaven',Dave Wilson Nursery&#174;,,,,,,,,0
1321,Peach,"Huserik Bros. Nursery, Inc.",,,,,,,,0
1322,"Peach 'Snow Babe', Miniature",Dave Wilson Nursery&#174;,,,,,,,,0
1323,Peach,Dave Wilson Nursery&#174;,,,,,,,,0
1324,Peach 'Snow Beauty',Dave Wilson Nursery&#174;,,,,,,,,0
1325,Peach,Dave Wilson Nursery&#174;,,,,,,,,0
1326,Peach 'Strawberry Free',Dave Wilson Nursery&#174;,,,,,,,,0
1327,Peach,Dave Wilson Nursery&#174;,,,,,,,,0
1328,Asian Pear '20th Century',Dave Wilson Nursery&#174;,,,,,,,,0
1329,Asian Pear 'Hosui',Dave Wilson Nursery&#174;,,,,,,,,0
1330,Asian Pear,"Huserik Bros. Nursery, Inc.",,,,,,,,0
1331,Asian Pear 'Shinseiki',Dave Wilson Nursery&#174;,,,,,,,,0
1332,Pear 'Bartlett',Pyrus communis 'Bartlett',,,,,,,,0
1333,Pear,"Huserik Bros. Nursery, Inc.",,,,,,,,0
1334,Pear,"Huserik Bros. Nursery, Inc.",,,,,,,,0
1335,Pear Multi-Graft Combo #2 Bareroot,Dave Wilson Nursery&#174;,,,,,,,,0
1336,Pear 'Warren',Dave Wilson Nursery&#174;,,,,,,,,0
1337,Pear,Dave Wilson Nursery&#174;,,,,,,,,0
1338,Persimmon 'Fuyu',Dave Wilson Nursery&#174;,,,,,,,,0
1339,Persimmon,"Huserik Bros. Nursery, Inc.",,,,,,,,0
1340,Persimmon 'Giant Fuyu',Dave Wilson Nursery&#174;,,,,,,,,0
1341,Persimmon,Dave Wilson Nursery&#174;,,,,,,,,0
1342,Pindo Palm,Butia captitata,,,,,,,,0
1343,Pink Flowering Dogwood,Cornus florida 'Rubra',,,,,,,,0
1344,Pink Weeping Cherry,Prunus x subhirtella 'Pendula',,,,,,,,0
1345,Plum 'Burgundy',,,,,,,,,0
1346,Plum 'Elephant Heart',"Huserik Bros. Nursery, Inc.",,,,,,,,0
1347,Plum,"Huserik Bros. Nursery, Inc.",,,,,,,,0
1348,Plum 'Emerald Beaut',,,,,,,,,0
1349,Plum,,,,,,,,,0
1350,Plum,Dave Wilson Nursery&#174;,,,,,,,,0
1351,Plum Multi-Graft Combo Bareroot,Dave Wilson Nursery&#174;,,,,,,,,0
1352,Plum 'Santa Rosa',Prunus salicina 'Santa Rosa',,,,,,,,0
1353,Plum,"Huserik Bros. Nursery, Inc.",,,,,,,,0
1354,Plum 'Satsuma',,,,,,,,,0
1355,Plum,"Huserik Bros. Nursery, Inc.",,,,,,,,0
1356,Plum,Dave Wilson Nursery&#174;,,,,,,,,0
1357,Pomegranate ??Wonderful??,Punica granatum 'Wonderful',,,,,,,,0
1358,Prune 'French Improved',"Huserik Bros. Nursery, Inc.",,,,,,,,0
1359,Prune,"Huserik Bros. Nursery, Inc.",,,,,,,,0
1360,Flowering Plum,Prunus cerasifera 'Krauter Vesuvius',,,,,,,,0
1361,Purple Hopseed Standard Trunk,Dodonaea viscosa 'Purpurea' Std,,,,,,,,0
1362,Pygmy Date Palm,Phoenix roebelenii,,,,,,,,0
1363,Queen Palm,Syagrus romanzoffianum,,,,,,,,0
1364,Red Maple,Acer x freemanii 'Autumn Blaze',,,,,,,,0
1365,Red Maple,Acer rubrum 'Brandywine',,,,,,,,0
1366,Red Maple,Acer rubrum 'Red Sunset',,,,,,,,0
1367,Red Oak,Quercus rubra,,,,,,,,0
1368,Red Tip Photinia Shrub,Photinia x fraseri,,,,,,,,0
1369,Red Tip Photinia Standard Trunk,Photinia x fraseri Standard,,,,,,,,0
1370,River Birch,Betula nigra 'Dura Heat',,,,,,,,0
1371,River Birch,Betula nigra 'Dura Heat',,,,,,,,0
1372,Royal Raindrops Crabapple,Malus 'Royal Raindrops',,,,,,,,0
1373,Sago Palm,Cycas revoluta,,,,,,,,0
1374,"Grapefruit 'Oro Blanco', Semi-Dwarf",Grapefruit 'Oro Blanco' Semi-Dwarf,,,,,,,,0
1375,"Grapefruit 'Rio Red', Semi-Dwarf",Grapefruit 'Rio Red',,,,,,,,0
1376,"Kumquat 'Nagami', Semi-Dwarf",,,,,,,,,0
1377,"Lemon 'Eureka', Semi-Dwarf",,,,,,,,,0
1378,"Lemon 'Improved Meyer', Semi-Dwarf",Lemon 'Improved Meyer' Semi-Dwarf,,,,,,,,0
1379,"Lime 'Bearss', Semi-Dwarf",,,,,,,,,0
1380,"Lime 'Mexican Key', Semi-Dwarf",,,,,,,,,0
1381,"Lime 'Thai Kieffer', Semi-Dwarf",,,,,,,,,0
1382,"Mandarin 'Clementine', Semi-Dwarf",,,,,,,,,0
1383,"Mandarin 'Gold Nugget', Semi-Dwarf",Mandarin 'Gold Nugget' Semi-Dwarf,,,,,,,,0
1384,"Mandarin 'Tango', Semi-Dwarf",,,,,,,,,0
1385,"Navel Orange 'Washington', Semi-Dwarf",Orange 'Washington' Navel Semi-Dwarf,,,,,,,,0
1386,"Orange 'Valencia', Semi-Dwarf",,,,,,,,,0
1387,"Mandarin 'Owari Satsuma', Semi-Dwarf",Mandarin 'Owari Satsuma' Semi-Dwf,,,,,,,,0
1388,Shantung Maple,Acer truncatum 'Pacific Sunset',,,,,,,,0
1389,Shiny Xylosma Standard Trunk,Xylosma congestum,,,,,,,,0
1390,Silver Dollar Gum,Eucalyptus polyanthemos,,,,,,,,0
1391,Sugar Twist Pluerry&#8482; Interspecific Plum Bareroot,Dave Wilson Nursery&#174;,,,,,,,,0
1392,Sweet Bay,Laurus nobilis,,,,,,,,0
1393,Teddy Bear&#174; Southern Magnolia | Monrovia,Magnolia grandiflora 'Teddy Bear',,,,,,,,0
1394,Western Red Cedar 'Green Giant',Thuja plicata 'Green Giant',,,,,,,,0
1395,Traveller Weeping Redbud,Cercis canadensis var. texensis 'Traveller',,,,,,,,0
1396,Trident Maple,Acer buergerianum,,,,,,,,0
1397,Tulip Magnolia,Magnolia x soulangeana 'Genie',,,,,,,,0
1398,Chinese Elm,Ulmus parvifolia 'Drake',,,,,,,,0
1399,Valley Oak Standard Trunk,Quercus lobata,,,,,,,,0
1400,Weeping Blue Atlas Cedar,Cedrus atlantica 'Glauca Pendula',,,,,,,,0
1401,Weeping Cherry,Prunus serrulata 'Snow Fountains',,,,,,,,0
1402,Weeping Willow,Salix babylonica,,,,,,,,0
1403,Western Redbud Multi-Trunk,Cercis occidentalis,,,,,,,,0
1404,Western Redbud Standard Trunk,Cercis occidentalis,,,,,,,,0
1405,White Flowering Dogwood,Cornus florida 'White',,,,,,,,0
1406,White Flowering Dogwood 'Eddie's White Wonder',Cornus florida 'Eddie's White Wonder',,,,,,,,0
1407,White Flowering Dogwood 'Venus',Cornus x 'Venus',,,,,,,,0
1408,Windmill Palm,Trachycarpus fortunei,,,,,,,,0
1409,Wisteria 'Amethyst Falls' Staked,Wisteria frutescens 'Amethyst Falls',,,,,,,,0
1410,Wisteria 'Cooke's Purple' Staked,Wisteria sinensis 'Cooke's Purple',,,,,,,,0
1411,Wisteria Staked,Wisteria sinensis,,,,,,,,0
1412,Zelkova 'Village Green',Zelkova serrata 'Village Green',,,,,,,,0
1413,Asian Jasmine,Trachelospermum asiaticum,,,,,,,,0
1414,Asian Jasmine 'Tricolor',Trachelospermum asiaticum 'Tricolor',,,,,,,,0
1415,Balboa Sunset&#174; Trumpet Vine | Monrovia,Campsis radicans 'Balboa Sunset',,,,,,,,0
1416,Black-Eyed Susan Vine,Thunbergia alata,,,,,,,,0
1417,Bougainvillea Staked,Bougainvillea Assorted,,,,,,,,0
1418,Carolina Jessamine Stake,Gelsemium sempervirens,,,,,,,,0
1419,Clematis,,,,,,,,,0
1420,Creeping Fig Stake,Ficus pumila Stake,,,,,,,,0
1421,Crossvine 'Tangerine Beauty',Bignonia capreolata 'Tangerine Beauty',,,,,,,,0
1422,Grape 'Black Monukka',Vitis 'Black Monukka',,,,,,,,0
1423,Grape 'Concord Seedless',Vitis 'Concord Seedless',,,,,,,,0
1424,Grape 'Flame Seedless',Vitis 'Flame Seedless',,,,,,,,0
1425,Grape 'Thompson Seedless',Vitis 'Thompson Seedless',,,,,,,,0
1426,Hall's Honeysuckle Stake,Lonicera japonica 'Halliana',,,,,,,,0
1427,"Kiwi Assorted 4"" Sleeve",Dave Wilson Nursery&#174;,,,,,,,,0
1428,Lavender Trumpet Vine Stake,Clytostoma callistegioides,,,,,,,,0
1429,Lilac Vine Stake,Hardenbergia violacea,,,,,,,,0
1430,Mandevilla,,,,,,,,,0
1431,Morning Glory,Ipomoea acuminata,,,,,,,,0
1432,Passion Fruit,Passiflora edulis,,,,,,,,0
1433,Pink Bower Vine,Pandorea jasminoides 'Rosea',,,,,,,,0
1434,Pink Jasmine Stake,Jasminum polyanthum,,,,,,,,0
1435,Star Jasmine,Trachelospermum jasminoides,,,,,,,,0
1436,Star Jasmine Stake,Trachelospermum jasminoides Stake,,,,,,,,0
1437,Variegated Bower Vine,Pandorea jasminoides 'Variegata',,,,,,,,0
1438,White Potato Vine Stake,Solanum jasminoides,,,,,,,,0
1439,Zestful&#8482; Lollipop Grape | Monrovia,Vitis 'Zestful Lollipop',,,,,,,,0
1440,Zestful&#8482; Waterfall Grape | Monrovia,Vitis 'Zestful Waterfall',,,,,,,,0
